Treatment with higher expression	gene_id	baseMean	log2FoldChange	lfcSE	pvalue	padj	-log(Padj)	gene_name	protein	spid	protein_names	gene_ontology_biological_process	Broad Process	Broader Process
Moderate OA (pH 7.8)	GWK47_002621	322	-1.60	6.97E-01	0.0002792016051	0.023	1.64		hypothetical protein				Uncharacterized	Uncharacterized
Moderate OA (pH 7.8)	GWK47_044097	131	-1.55	5.72E-01	4.79E-05	0.0078	2.11		Protein ALP1-like	Q9M2U3	Protein ALP1-like (EC 3.1.-.-)			
Moderate OA (pH 7.8)	GWK47_019251	1416	-1.47	4.52E-01	1.90E-05	0.0041	2.39	MUCB1	Integumentary mucin B.1				Barrier defense, mucosal protection	Mucosal barrier defense
Moderate OA (pH 7.8)	GWK47_039428	303	-1.46	5.29E-01	8.19E-05	0.011	1.96		hypothetical protein				Uncharacterized	Uncharacterized
Moderate OA (pH 7.8)	GWK47_049593	142	-1.28	3.47E-01	8.04E-06	0.0021	2.68	Pnlip_1	Pancreatic triacylglycerol lipase	Q6P8U6	Pancreatic triacylglycerol lipase (PL) (PTL) (Pancreatic lipase) (EC 3.1.1.3)	intestinal cholesterol absorption [GO:0030299]; lipid catabolic process [GO:0016042]; retinoid metabolic process [GO:0001523]	Lipid catabolism, retinoid metabolism	Lipid metabolism
Moderate OA (pH 7.8)	GWK47_039354	186	-1.26	3.33E-01	3.23E-06	0.0012	2.93	OtopLc	Proton channel OtopLc	B7Z0W9	Proton channel OtopLc (Otopetrin-Lc) (DmOtopLc)	proton transmembrane transport [GO:1902600]	Proton transport, pH homeostasis	pH regulation
Moderate OA (pH 7.8)	GWK47_012393	202	-1.14	3.84E-01	7.69E-05	0.011	1.98	mas	Protein masquerade	Q9VZH2	Protein masquerade	axon development [GO:0061564]; central nervous system development [GO:0007417]; muscle attachment [GO:0016203]; neuron projection fasciculation [GO:0106030]; peripheral nervous system development [GO:0007422]; positive regulation of neuron projection development [GO:0010976]; proteolysis [GO:0006508]	Neural development, proteolysis	Neural development
Moderate OA (pH 7.8)	GWK47_044956	182	-1.04	3.96E-01	1.47E-04	0.016	1.81		hypothetical protein				Uncharacterized	Uncharacterized
Moderate OA (pH 7.8)	GWK47_015214	105	-1.03	2.83E-01	6.87E-06	0.0020	2.71	Slc5a6_0	Sodium-dependent multivitamin transporter	O70247	Sodium-dependent multivitamin transporter (Na(+)-dependent multivitamin transporter) (Solute carrier family 5 member 6)	biotin import across plasma membrane [GO:1905135]; biotin metabolic process [GO:0006768]; biotin transport [GO:0015878]; iodide transmembrane transport [GO:1904200]; pantothenate transmembrane transport [GO:0015887]; sodium ion transport [GO:0006814]; transport across blood-brain barrier [GO:0150104]	Vitamin/cofactor transport, Na⁺-linked solute transport	Transmembrane transport
Moderate OA (pH 7.8)	GWK47_046958	3808	-1.03	4.28E-01	0.00038417555	0.026	1.58	PRSS55	Serine protease 55 (Vitamin K-dependent protein C)	Q28661	Vitamin K-dependent protein C (EC 3.4.21.69) (Anticoagulant protein C) (Autoprothrombin IIA) (Blood coagulation factor XIV) [Cleaved into: Vitamin K-dependent protein C light chain; Vitamin K-dependent protein C heavy chain; Activation peptide]	blood coagulation [GO:0007596]; negative regulation of apoptotic process [GO:0043066]; negative regulation of blood coagulation [GO:0030195]; negative regulation of coagulation [GO:0050819]; negative regulation of inflammatory response [GO:0050728]; positive regulation of establishment of endothelial barrier [GO:1903142]; proteolysis [GO:0006508]	Coagulation, immune modulation, proteolysis	Blood coagulation
Moderate OA (pH 7.8)	GWK47_043346	408	-0.95	3.00E-01	3.99E-05	0.007030372317		olpB_2	Cell surface glycoprotein 1	O18023	Ig-like and fibronectin type-III domain-containing protein 2	sarcomere organization [GO:0045214]		
Moderate OA (pH 7.8)	GWK47_002357	368	-0.89	3.09E-01	1.01E-04	0.01239116321			hypothetical protein					
Moderate OA (pH 7.8)	GWK47_037894	192	-0.86	4.34E-01	0.0006298443636	0.035	1.45	chst14	Carbohydrate sulfotransferase 14	Q805E5	Carbohydrate sulfotransferase 14 (EC 2.8.2.-) (Dermatan 4-sulfotransferase 1) (D4ST-1) (zD4ST-1)	carbohydrate biosynthetic process [GO:0016051]; dermatan sulfate proteoglycan metabolic process [GO:0050655]	Glycosaminoglycan metabolism, ECM modification	ECM metabolism
Moderate OA (pH 7.8)	GWK47_018438	1243	-0.79	2.98E-01	0.0002788420448	0.023	1.64	Hal	Histidine ammonia-lyase	P35492	Histidine ammonia-lyase (Histidase) (EC 4.3.1.3)	L-histidine catabolic process [GO:0006548]; L-histidine catabolic process to glutamate and formamide [GO:0019556]; L-histidine catabolic process to glutamate and formate [GO:0019557]	Amino acid catabolism (histidine → glutamate)	Amino acid metabolism
Moderate OA (pH 7.8)	GWK47_027940	422	-0.60	2.02E-01	7.20E-05	0.010	1.99	VDR	Vitamin D3 receptor	Q1L673	Vitamin D3 receptor B (VDR-B) (1,25-dihydroxyvitamin D3 receptor B) (Nuclear receptor subfamily 1 group I member 1-B)	cell differentiation [GO:0030154]; embryonic cranial skeleton morphogenesis [GO:0048701]; heart jogging [GO:0003146]; heart looping [GO:0001947]; inner ear receptor cell development [GO:0060119]; intracellular receptor signaling pathway [GO:0030522]; negative regulation of transcription by RNA polymerase II [GO:0000122]; otic vesicle development [GO:0071599]; positive regulation of transcription by RNA polymerase II [GO:0045944]	Transcriptional regulation, cell differentiation	Transcriptional control
Moderate OA (pH 7.8)	GWK47_020793	493	-0.58	2.28E-01	2.83E-04	0.02280066201		CSGALNACT2	Chondroitin sulfate N-acetylgalactosaminyltransferase 2	Q8N6G5	Chondroitin sulfate N-acetylgalactosaminyltransferase 2 (EC 2.4.1.174) (Chondroitin beta-1,4-N-acetylgalactosaminyltransferase 2) (Beta4GalNAcT-2) (GalNAcT-2)	chondroitin sulfate proteoglycan biosynthetic process [GO:0050650]; dermatan sulfate proteoglycan biosynthetic process [GO:0050651]; proteoglycan biosynthetic process [GO:0030166]		
Moderate OA (pH 7.8)	GWK47_004210	48	-0.56	2.46E-01	0.0005909799143	0.03452174795		ClC-a_1	Chloride channel protein 2	Q9VGH7	Chloride channel protein 2 (ClC-2) (DmClC-2) (Chloride channel-a)	chloride transmembrane transport [GO:1902476]; chloride transport [GO:0006821]; renal water homeostasis [GO:0003091]; renal water transport [GO:0003097]; transepithelial chloride transport [GO:0030321]; transepithelial water transport [GO:0035377]		
Moderate OA (pH 7.8)	GWK47_026454	18079	-0.54	2.12E-01	0.0003630471119	0.025	1.60	TGFBI	Transforming growth factor-beta-induced protein ig-h3	P55906	Transforming growth factor-beta-induced protein ig-h3 (Beta ig-h3) (MP70) (MP78)	cell adhesion [GO:0007155]; extracellular matrix organization [GO:0030198]	Cell adhesion, extracellular matrix organization	Cell adhesion
Moderate OA (pH 7.8)	GWK47_043379	197	-0.54	2.08E-01	0.0003336682239	0.02445120745		sls_5	Titin	Q9I7U4	Titin (D-Titin) (Kettin)	cell division [GO:0051301]; locomotion [GO:0040011]; mesoderm development [GO:0007498]; mitotic chromosome condensation [GO:0007076]; muscle attachment [GO:0016203]; myoblast fusion [GO:0007520]; regulation of hemocyte proliferation [GO:0035206]; sarcomere organization [GO:0045214]; sister chromatid cohesion [GO:0007062]; somatic muscle development [GO:0007525]; visceral muscle development [GO:0007522]		
Moderate OA (pH 7.8)	GWK47_055061	367	-0.53	1.75E-01	8.86E-05	0.0114245705		unc-22_9	Twitchin	Q23551	Twitchin (EC 2.7.11.1) (Uncoordinated protein 22)	adult locomotory behavior [GO:0008344]; behavioral response to nicotine [GO:0035095]; negative regulation of cell division [GO:0051782]; positive regulation of locomotion [GO:0040017]; positive regulation of sarcomere organization [GO:0060298]; positive regulation of striated muscle contraction [GO:0045989]; sarcomere organization [GO:0045214]		
Moderate OA (pH 7.8)	GWK47_009850	132	-0.49	1.14E-01	6.39E-07	0.0005556184268		USP24_2	Ubiquitin carboxyl-terminal hydrolase 24	B1AY13	Ubiquitin carboxyl-terminal hydrolase 24 (EC 3.4.19.12) (Deubiquitinating enzyme 24) (Ubiquitin thioesterase 24) (Ubiquitin-specific-processing protease 24)	protein deubiquitination [GO:0016579]; proteolysis [GO:0006508]		
Moderate OA (pH 7.8)	GWK47_007022	613	-0.48	1.72E-01	1.42E-04	0.015	1.81	SMPD1_4	Sphingomyelin phosphodiesterase	Q0VD19	Sphingomyelin phosphodiesterase (EC 3.1.4.12) (EC 3.1.4.3) (Acid sphingomyelinase) (aSMase) [Cleaved into: Sphingomyelin phosphodiesterase, processed form]	cellular response to calcium ion [GO:0071277]; cellular response to UV [GO:0034644]; ceramide biosynthetic process [GO:0046513]; cholesterol metabolic process [GO:0008203]; negative regulation of MAPK cascade [GO:0043409]; plasma membrane repair [GO:0001778]; positive regulation of apoptotic process [GO:0043065]; positive regulation of endocytosis [GO:0045807]; positive regulation of viral entry into host cell [GO:0046598]; response to interleukin-1 [GO:0070555]; response to ionizing radiation [GO:0010212]; response to tumor necrosis factor [GO:0034612]; response to type I interferon [GO:0034340]; response to virus [GO:0009615]; sphingomyelin catabolic process [GO:0006685]; symbiont entry into host cell [GO:0046718]; termination of signal transduction [GO:0023021]; wound healing [GO:0042060]	Lipid metabolism, apoptosis, membrane repair	Lipid metabolism
Moderate OA (pH 7.8)	GWK47_038056	71	-0.47	1.20E-01	4.62E-06	0.001458643634			hypothetical protein					
Moderate OA (pH 7.8)	GWK47_034738	113	-0.47	1.86E-01	0.000355258388	0.02538346528		bark_2	Protein bark beetle	M9NDE3	Protein bark beetle (Protein anakonda)	cell-cell junction maintenance [GO:0045217]; liquid clearance, open tracheal system [GO:0035002]; regulation of tube length, open tracheal system [GO:0035159]; response to endoplasmic reticulum stress [GO:0034976]; tricellular tight junction assembly [GO:1904274]		
Moderate OA (pH 7.8)	GWK47_055060	251	-0.47	1.77E-01	1.77E-01	0.02387937201		unc-22_5	Twitchin	Q23551	Twitchin (EC 2.7.11.1) (Uncoordinated protein 22)	adult locomotory behavior [GO:0008344]; behavioral response to nicotine [GO:0035095]; negative regulation of cell division [GO:0051782]; positive regulation of locomotion [GO:0040017]; positive regulation of sarcomere organization [GO:0060298]; positive regulation of striated muscle contraction [GO:0045989]; sarcomere organization [GO:0045214]		
Moderate OA (pH 7.8)	GWK47_037994	60	-0.45	1.58E-01	1.43E-04	0.01537267576			hypothetical protein					
Moderate OA (pH 7.8)	GWK47_035843	54	-0.44	1.85E-01	5.37E-04	0.03302517906		armh3_3	Armadillo-like helical domain-containing protein 3	Q6PGW3	Armadillo-like helical domain-containing protein 3	regulation of Golgi organization [GO:1903358]		
Moderate OA (pH 7.8)	GWK47_008314	193	-0.44	1.14E-01	3.99E-06	0.0013	2.88	Mvd	Diphosphomevalonate decarboxylase	Q99JF5	Diphosphomevalonate decarboxylase (EC 4.1.1.33) (Mevalonate (diphospho)decarboxylase) (MDDase) (Mevalonate pyrophosphate decarboxylase)	cholesterol biosynthetic process [GO:0006695]; isopentenyl diphosphate biosynthetic process, mevalonate pathway [GO:0019287]; positive regulation of cell population proliferation [GO:0008284]	Cholesterol biosynthesis, isoprenoid metabolism	Sterol synthesis
Moderate OA (pH 7.8)	GWK47_039243	625	-0.43	9.62E-02	4.98E-07	0.0005067960804		Ubr4	E3 ubiquitin-protein ligase UBR4	Q2TL32	E3 ubiquitin-protein ligase UBR4 (EC 2.3.2.27) (N-recognin-4) (Zinc finger UBR1-type protein 1)	cytoplasm protein quality control [GO:0140455]; cytoplasm protein quality control by the ubiquitin-proteasome system [GO:0071629]; endosome organization [GO:0007032]; negative regulation of fatty acid biosynthetic process [GO:0045717]; negative regulation of HRI-mediated signaling [GO:0141191]; positive regulation of autophagy [GO:0010508]; proteasome-mediated ubiquitin-dependent protein catabolic process [GO:0043161]; protein branched polyubiquitination [GO:0141198]; protein catabolic process [GO:0030163]; protein K11-linked ubiquitination [GO:0070979]; protein K27-linked ubiquitination [GO:0044314]; protein K48-linked ubiquitination [GO:0070936]; protein stabilization [GO:0050821]; response to oxidative stress [GO:0006979]; ubiquitin-dependent protein catabolic process [GO:0006511]; ubiquitin-dependent protein catabolic process via the N-end rule pathway [GO:0071596]		
Moderate OA (pH 7.8)	GWK47_051178	167	-0.43	1.18E-01	1.24E-05	0.002837368484		IPO4	Importin-4	Q8VI75	Importin-4 (Imp4) (Importin-4a) (Imp4a) (Ran-binding protein 4) (RanBP4)	protein import into nucleus [GO:0006606]; ribosome biogenesis [GO:0042254]		
Moderate OA (pH 7.8)	GWK47_003431	43	-0.43	1.80E-01	0.0006137091379	0.03452372738		MPPED1	Metallophosphoesterase domain-containing protein 1	O15442	Metallophosphoesterase domain-containing protein 1 (EC 3.1.-.-) (Adult brain protein 239) (239AB)			
Moderate OA (pH 7.8)	GWK47_010342	54	-0.41	1.77E-01	6.89E-04	0.03686445776		DSCAM_2	Down syndrome cell adhesion molecule					
Moderate OA (pH 7.8)	GWK47_050617	120	-0.41	1.56E-01	0.0003049849007	0.023	1.63	cyp8_0	Peptidyl-prolyl cis-trans isomerase B1				Protein folding, stress response	Protein folding
Moderate OA (pH 7.8)	GWK47_001580	191	-0.41	1.63E-01	0.0005628082542	0.0341477166		pinta_0	Retinol-binding protein pinta	Q9VD09	Retinol-binding protein pinta (Prolonged depolarization afterpotential is not apparent)	phototransduction [GO:0007602]; rhodopsin biosynthetic process [GO:0016063]; visual perception [GO:0007601]		
Moderate OA (pH 7.8)	GWK47_018800	127	-0.40	1.65E-01	5.09E-04	0.03216163836		WDFY3_1	WD repeat and FYVE domain-containing protein 3	Q8IZQ1	WD repeat and FYVE domain-containing protein 3 (Autophagy-linked FYVE protein) (Alfy)	aggrephagy [GO:0035973]		
Moderate OA (pH 7.8)	GWK47_003044	77	-0.40	1.45E-01	2.37E-04	0.02103393209		ttc17	Tetratricopeptide repeat protein 17	E7F211	Tetratricopeptide repeat protein 17 (TPR repeat protein 17)	actin filament polymerization [GO:0030041]; cilium organization [GO:0044782]; determination of heart left/right asymmetry [GO:0061371]		
Moderate OA (pH 7.8)	GWK47_047192	242	-0.40	1.21E-01	4.31E-05	0.007311388886		FAT1_1	Protocadherin Fat 1	Q14517	Protocadherin Fat 1 (Cadherin family member 7) (Cadherin-related tumor suppressor homolog) (Protein fat homolog) [Cleaved into: Protocadherin Fat 1, nuclear form]	actin filament organization [GO:0007015]; anatomical structure morphogenesis [GO:0009653]; cell adhesion [GO:0007155]; cell migration [GO:0016477]; cell-cell adhesion [GO:0098609]; cell-cell signaling [GO:0007267]; cellular response to angiotensin [GO:1904385]; epithelial cell morphogenesis [GO:0003382]; establishment of epithelial cell apical/basal polarity involved in camera-type eye morphogenesis [GO:0003412]; establishment or maintenance of cell polarity [GO:0007163]; homophilic cell adhesion via plasma membrane adhesion molecules [GO:0007156]; lens development in camera-type eye [GO:0002088]; positive regulation of vascular associated smooth muscle cell migration [GO:1904754]		
Moderate OA (pH 7.8)	GWK47_006897	405	-0.38	9.79E-02	3.88E-06	0.001304444715		rhbdf1_2	Inactive rhomboid protein 1	Q6GMF8	Inactive rhomboid protein 1 (iRhom1) (Rhomboid family member 1)	cell migration [GO:0016477]; cell population proliferation [GO:0008283]; negative regulation of protein secretion [GO:0050709]; protein transport [GO:0015031]; regulation of epidermal growth factor receptor signaling pathway [GO:0042058]; regulation of proteasomal protein catabolic process [GO:0061136]; regulation of protein secretion [GO:0050708]		
Moderate OA (pH 7.8)	GWK47_039244	180	-0.38	1.69E-01	0.0009214922171	0.04396285786		UBR4	E3 ubiquitin-protein ligase UBR4	Q5T4S7	E3 ubiquitin-protein ligase UBR4 (EC 2.3.2.27) (600 kDa retinoblastoma protein-associated factor) (p600) (N-recognin-4) (Retinoblastoma-associated factor of 600 kDa) (RBAF600)	cytoplasm protein quality control [GO:0140455]; cytoplasm protein quality control by the ubiquitin-proteasome system [GO:0071629]; endosome organization [GO:0007032]; negative regulation of fatty acid biosynthetic process [GO:0045717]; negative regulation of HRI-mediated signaling [GO:0141191]; positive regulation of autophagy [GO:0010508]; proteasome-mediated ubiquitin-dependent protein catabolic process [GO:0043161]; protein branched polyubiquitination [GO:0141198]; protein K11-linked ubiquitination [GO:0070979]; protein K27-linked ubiquitination [GO:0044314]; protein K48-linked ubiquitination [GO:0070936]; protein stabilization [GO:0050821]; response to oxidative stress [GO:0006979]; ubiquitin-dependent protein catabolic process [GO:0006511]; ubiquitin-dependent protein catabolic process via the N-end rule pathway [GO:0071596]		
Moderate OA (pH 7.8)	GWK47_048935	148	-0.38	1.59E-01	7.26E-04	0.03801108682		HUWE1_2	E3 ubiquitin-protein ligase HUWE1	Q7Z6Z7	E3 ubiquitin-protein ligase HUWE1 (EC 2.3.2.26) (ARF-binding protein 1) (ARF-BP1) (HECT, UBA and WWE domain-containing protein 1) (HECT-type E3 ubiquitin transferase HUWE1) (Homologous to E6AP carboxyl terminus homologous protein 9) (HectH9) (Large structure of UREB1) (LASU1) (Mcl-1 ubiquitin ligase E3) (Mule) (Upstream regulatory element-binding protein 1) (URE-B1) (URE-binding protein 1)	base-excision repair [GO:0006284]; cell differentiation [GO:0030154]; circadian regulation of gene expression [GO:0032922]; Golgi organization [GO:0007030]; membrane fusion [GO:0061025]; negative regulation of mitochondrial fusion [GO:0010637]; negative regulation of peroxisome proliferator activated receptor signaling pathway [GO:0035359]; positive regulation of canonical NF-kappaB signal transduction [GO:0043123]; positive regulation of protein targeting to mitochondrion [GO:1903955]; positive regulation of protein ubiquitination [GO:0031398]; positive regulation of type 2 mitophagy [GO:1905091]; proteasome-mediated ubiquitin-dependent protein catabolic process [GO:0043161]; protein branched polyubiquitination [GO:0141198]; protein K48-linked ubiquitination [GO:0070936]; protein monoubiquitination [GO:0006513]; protein polyubiquitination [GO:0000209]; ubiquitin-dependent protein catabolic process [GO:0006511]		
Moderate OA (pH 7.8)	GWK47_036560	250	-0.37	1.18E-01	6.24E-05	0.009222710798		melt	Protein melted	Q9VS24	Protein melted	cell fate specification [GO:0001708]; cellular response to starvation [GO:0009267]; lipid metabolic process [GO:0006629]; positive regulation of insulin receptor signaling pathway [GO:0046628]; positive regulation of TORC1 signaling [GO:1904263]; R8 cell fate specification [GO:0045464]; regulation of signal transduction [GO:0009966]		
Moderate OA (pH 7.8)	GWK47_034491	26856	-0.36	1.54E-01	0.0006143414371	0.03452372738		Npc1_0	NPC intracellular cholesterol transporter 1	O35604	NPC intracellular cholesterol transporter 1 (Niemann-Pick C1 protein)	adult walking behavior [GO:0007628]; autophagy [GO:0006914]; bile acid metabolic process [GO:0008206]; cellular response to low-density lipoprotein particle stimulus [GO:0071404]; cellular response to steroid hormone stimulus [GO:0071383]; cholesterol efflux [GO:0033344]; cholesterol homeostasis [GO:0042632]; cholesterol metabolic process [GO:0008203]; cholesterol storage [GO:0010878]; cholesterol transport [GO:0030301]; cyclodextrin metabolic process [GO:2000900]; endocytosis [GO:0006897]; establishment of localization in cell [GO:0051649]; establishment of protein localization to membrane [GO:0090150]; gene expression [GO:0010467]; intracellular cholesterol transport [GO:0032367]; intracellular lipid transport [GO:0032365]; liver development [GO:0001889]; lysosomal transport [GO:0007041]; macroautophagy [GO:0016236]; membrane raft organization [GO:0031579]; negative regulation of epithelial cell apoptotic process [GO:1904036]; negative regulation of macroautophagy [GO:0016242]; negative regulation of TORC1 signaling [GO:1904262]; neurogenesis [GO:0022008]; programmed cell death [GO:0012501]; protein glycosylation [GO:0006486]; response to cadmium ion [GO:0046686]; response to xenobiotic stimulus [GO:0009410]; sterol metabolic process [GO:0016125]; sterol transport [GO:0015918]; symbiont entry into host cell [GO:0046718]		
Moderate OA (pH 7.8)	GWK47_043235	85	-0.36	1.42E-01	4.55E-04	0.02974327887			hypothetical protein					
Moderate OA (pH 7.8)	GWK47_012651	270	-0.35	1.09E-01	7.69E-05	0.0105509724		med21_1	Mediator of RNA polymerase II transcription subunit 21	Q7ZTI5	Mediator of RNA polymerase II transcription subunit 21 (Mediator complex subunit 21) (RNA polymerase II holoenzyme component SRB7) (RNAPII complex component SRB7)	regulation of transcription by RNA polymerase II [GO:0006357]		
Moderate OA (pH 7.8)	GWK47_048344	680	-0.33	1.38E-01	6.14E-04	0.035	1.46	ifi30_6	Gamma-interferon-inducible lysosomal thiol reductase	E7E2N8	Gamma-interferon-inducible lysosomal thiol reductase (EC 1.8.-.-)	antigen processing and presentation [GO:0019882]	Antigen processing and presentation	Immune response
Moderate OA (pH 7.8)	GWK47_048167	240	-0.33	1.34E-01	0.0005916937149	0.03452174795			hypothetical protein					
Moderate OA (pH 7.8)	GWK47_040050	1550	-0.32	1.06E-01	0.0001110565477	0.0129999168		FLT4	Vascular endothelial growth factor receptor 3	Q5MD89	Vascular endothelial growth factor receptor 3 (VEGFR-3) (EC 2.7.10.1)	angiogenesis [GO:0001525]; atrioventricular canal development [GO:0036302]; cardiac muscle tissue regeneration [GO:0061026]; cell migration [GO:0016477]; lymph vessel development [GO:0001945]; lymph vessel morphogenesis [GO:0036303]; lymphangiogenesis [GO:0001946]; lymphatic endothelial cell differentiation [GO:0060836]; motor neuron axon guidance [GO:0008045]; positive regulation of cell migration [GO:0030335]; positive regulation of cell population proliferation [GO:0008284]; positive regulation of MAPK cascade [GO:0043410]; protein autophosphorylation [GO:0046777]; regulation of vascular endothelial growth factor receptor signaling pathway [GO:0030947]; regulation of vascular endothelial growth factor signaling pathway [GO:1900746]; selective angioblast sprouting [GO:0035474]; sprouting angiogenesis [GO:0002040]; vascular endothelial growth factor receptor signaling pathway [GO:0048010]; vascular endothelial growth factor signaling pathway [GO:0038084]; vasculature development [GO:0001944]; venous blood vessel development [GO:0060841]; venous endothelial cell migration involved in lymph vessel development [GO:0060855]		
Moderate OA (pH 7.8)	GWK47_024947	137	-0.31	1.12E-01	2.28E-04	0.021	1.69		hypothetical protein				Uncharacterized	Uncharacterized
Moderate OA (pH 7.8)	GWK47_041012	186	-0.31	1.22E-01	4.74E-04	0.031	1.51	Tmem62	Transmembrane protein 62	Q8BXJ9	Transmembrane protein 62		Transmembrane signaling, structural	Membrane structure
Moderate OA (pH 7.8)	GWK47_048741	124	-0.30	1.28E-01	7.88E-04	0.04008729387			hypothetical protein					
Moderate OA (pH 7.8)	GWK47_007937	191	-0.30	1.31E-01	9.14E-04	0.044	1.36	mcu	Calcium uniporter protein, mitochondrial	D6WIX5	Calcium uniporter protein, mitochondrial (TcMCU)	calcium import into the mitochondrion [GO:0036444]; mitochondrial calcium ion homeostasis [GO:0051560]	Calcium homeostasis, mitochondrial signaling	Calcium signaling
Moderate OA (pH 7.8)	GWK47_008775	2358	-0.30	6.61E-02	3.88E-07	0.0004	3.35	Hnrnpul1_0	Heterogeneous nuclear ribonucleoprotein U-like protein 1	Q8VDM6	Heterogeneous nuclear ribonucleoprotein U-like protein 1		RNA processing, mRNA transport	RNA processing
Moderate OA (pH 7.8)	GWK47_000598	143	-0.30	1.29E-01	9.54E-04	0.045	1.35	Nfat5	Nuclear factor of activated T-cells 5	Q9WV30	Nuclear factor of activated T-cells 5 (NF-AT5) (Rel domain-containing transcription factor NFAT5) (T-cell transcription factor NFAT5)	cellular response to cytokine stimulus [GO:0071345]; DNA damage response [GO:0006974]; DNA-templated transcription [GO:0006351]; negative regulation of urine volume [GO:0035811]; positive regulation of canonical NF-kappaB signal transduction [GO:0043123]; positive regulation of gene expression [GO:0010628]; positive regulation of leukocyte adhesion to vascular endothelial cell [GO:1904996]; positive regulation of transcription by RNA polymerase II [GO:0045944]; R-loop processing [GO:0062176]; regulation of calcineurin-NFAT signaling cascade [GO:0070884]; renal water homeostasis [GO:0003091]; response to water deprivation [GO:0009414]	Osmotic stress response, transcription regulation	Osmotic stress response
Moderate OA (pH 7.8)	GWK47_004014	305	-0.29	8.69E-02	3.58E-05	0.006430026034		Nop17l	Protein kintoun	B4J4Y2	Protein kintoun (Dynein assembly factor 2, axonemal homolog) (PP1-interacting protein 20)	axonemal dynein complex assembly [GO:0070286]; cilium-dependent cell motility [GO:0060285]		
Moderate OA (pH 7.8)	GWK47_008774	1383	-0.29	6.48E-02	3.68E-07	0.0004	3.35	Hnrnpul1_1	Heterogeneous nuclear ribonucleoprotein U-like protein 1	Q9BUJ2	Heterogeneous nuclear ribonucleoprotein U-like protein 1 (Adenovirus early region 1B-associated protein 5) (E1B-55 kDa-associated protein 5) (E1B-AP5)	alternative mRNA splicing, via spliceosome [GO:0000380]; response to virus [GO:0009615]; RNA processing [GO:0006396]	RNA splicing, viral response	RNA processing
Moderate OA (pH 7.8)	GWK47_002108	457	-0.29	7.21E-02	3.36E-06	0.0012	2.93	PIGG	GPI ethanolamine phosphate transferase 2	Q5H8A4	GPI ethanolamine phosphate transferase 2, catalytic subunit (EC 2.-.-.-) (GPI7 homolog) (hGPI7) (Phosphatidylinositol-glycan biosynthesis class G protein) (PIG-G)	GPI anchor biosynthetic process [GO:0006506]	GPI-anchor biosynthesis	Membrane biosynthesis
Moderate OA (pH 7.8)	GWK47_040041	280	-0.29	1.10E-01	4.36E-04	0.02875495768		RC3H1	Roquin-1	Q4VGL6	Roquin-1 (Roquin) (EC 2.3.2.27) (Protein Sanroque) (RING finger and C3H zinc finger protein 1) (RING finger and CCCH-type zinc finger domain-containing protein 1)	3'-UTR-mediated mRNA destabilization [GO:0061158]; B cell homeostasis [GO:0001782]; cellular response to interleukin-1 [GO:0071347]; lymph node development [GO:0048535]; negative regulation of activated T cell proliferation [GO:0046007]; negative regulation of B cell proliferation [GO:0030889]; negative regulation of germinal center formation [GO:0002635]; negative regulation of T-helper 17 cell differentiation [GO:2000320]; negative regulation of T-helper cell differentiation [GO:0045623]; nuclear-transcribed mRNA catabolic process [GO:0000956]; nuclear-transcribed mRNA catabolic process, deadenylation-dependent decay [GO:0000288]; nuclear-transcribed mRNA catabolic process, nonsense-mediated decay [GO:0000184]; P-body assembly [GO:0033962]; positive regulation of mRNA catabolic process [GO:0061014]; positive regulation of non-canonical NF-kappaB signal transduction [GO:1901224]; post-transcriptional regulation of gene expression [GO:0010608]; protein polyubiquitination [GO:0000209]; regulation of gene expression [GO:0010468]; regulation of germinal center formation [GO:0002634]; regulation of miRNA metabolic process [GO:2000628]; regulation of mRNA stability [GO:0043488]; regulation of nuclear-transcribed mRNA catabolic process, deadenylation-dependent decay [GO:1900151]; regulation of T cell receptor signaling pathway [GO:0050856]; spleen development [GO:0048536]; T cell homeostasis [GO:0043029]; T cell proliferation [GO:0042098]; T cell receptor signaling pathway [GO:0050852]; T follicular helper cell differentiation [GO:0061470]		
Moderate OA (pH 7.8)	GWK47_022288	1590	-0.27	7.52E-02	1.92E-05	0.004081797604		flr	Actin-interacting protein 1	Q9VU68	Actin-interacting protein 1 (AIP1) (Protein flare)	actin filament depolymerization [GO:0030042]; border follicle cell migration [GO:0007298]; establishment of planar polarity [GO:0001736]; imaginal disc-derived wing hair organization [GO:0035317]; locomotion [GO:0040011]; negative regulation of Arp2/3 complex-mediated actin nucleation [GO:0034316]; regulation of actin filament depolymerization [GO:0030834]; regulation of actin filament polymerization [GO:0030833]; sarcomere organization [GO:0045214]		
Moderate OA (pH 7.8)	GWK47_019790	265	-0.27	8.15E-02	5.62E-05	0.008584948327		Dusp3	Dual specificity protein phosphatase 3	Q9D7X3	Dual specificity protein phosphatase 3 (EC 3.1.3.16) (EC 3.1.3.48) (T-DSP11) (Vaccinia H1-related phosphatase) (VHR)	cellular response to epidermal growth factor stimulus [GO:0071364]; flagellated sperm motility [GO:0030317]; negative regulation of epidermal growth factor receptor signaling pathway [GO:0042059]; regulation of focal adhesion assembly [GO:0051893]		
Moderate OA (pH 7.8)	GWK47_006933	793	-0.27	8.87E-02	1.39E-04	0.01530458848		Tsc2	Tuberin	P49815	Tuberin (Tuberous sclerosis 2 protein)	anoikis [GO:0043276]; cellular response to starvation [GO:0009267]; endocytosis [GO:0006897]; heart development [GO:0007507]; negative regulation of cell population proliferation [GO:0008285]; negative regulation of insulin receptor signaling pathway [GO:0046627]; negative regulation of mitophagy [GO:1901525]; negative regulation of phosphatidylinositol 3-kinase/protein kinase B signal transduction [GO:0051898]; negative regulation of TOR signaling [GO:0032007]; negative regulation of TORC1 signaling [GO:1904262]; negative regulation of Wnt signaling pathway [GO:0030178]; neural tube closure [GO:0001843]; positive chemotaxis [GO:0050918]; positive regulation of macroautophagy [GO:0016239]; protein import into nucleus [GO:0006606]; protein localization [GO:0008104]; regulation of cell cycle [GO:0051726]; regulation of endocytosis [GO:0030100]; regulation of insulin receptor signaling pathway [GO:0046626]; regulation of small GTPase mediated signal transduction [GO:0051056]; vesicle-mediated transport [GO:0016192]		
Moderate OA (pH 7.8)	GWK47_044957	401	-0.26	8.96E-02	1.87E-04	0.01799926251		MYO18A	Unconventional myosin-XVIIIa	Q92614	Unconventional myosin-XVIIIa (Molecule associated with JAK3 N-terminus) (MAJN) (Myosin containing a PDZ domain) (Surfactant protein receptor SP-R210) (SP-R210)	actomyosin structure organization [GO:0031032]; asymmetric Golgi ribbon formation [GO:0090164]; cell migration [GO:0016477]; DNA metabolic process [GO:0006259]; Golgi organization [GO:0007030]; Golgi ribbon formation [GO:0090161]; Golgi vesicle budding [GO:0048194]; negative regulation of apoptotic process [GO:0043066]; positive regulation of opsonization [GO:1903028]; positive regulation of protein secretion [GO:0050714]; regulation of macrophage activation [GO:0043030]		
Moderate OA (pH 7.8)	GWK47_047191	507	-0.26	9.44E-02	2.89E-04	0.02280066201		kug_1	Fat-like cadherin-related tumor suppressor	Q9VW71	Fat-like cadherin-related tumor suppressor homolog (Protein kugelei)	calcium-dependent cell-cell adhesion via plasma membrane cell adhesion molecules [GO:0016339]; cell-cell adhesion [GO:0098609]; cell-cell adhesion mediated by cadherin [GO:0044331]; centripetally migrating follicle cell migration [GO:0060269]; defense response to Gram-negative bacterium [GO:0050829]; establishment of planar polarity of follicular epithelium [GO:0042247]; establishment or maintenance of actin cytoskeleton polarity [GO:0030950]; foregut morphogenesis [GO:0007440]; growth of a germarium-derived egg chamber [GO:0007295]; hindgut morphogenesis [GO:0007442]; homophilic cell adhesion via plasma membrane adhesion molecules [GO:0007156]; oogenesis [GO:0048477]; open tracheal system development [GO:0007424]; positive regulation of filopodium assembly [GO:0051491]; positive regulation of innate immune response [GO:0045089]; protein localization to cell leading edge [GO:1902463]; salivary gland development [GO:0007431]		
Moderate OA (pH 7.8)	GWK47_048739	238	-0.26	9.00E-02	2.71E-04	0.02258898474		cic	putative transcription factor capicua	Q9U1H0	Putative transcription factor capicua (Protein fettucine)	dorsal appendage formation [GO:0046843]; dorsal/ventral pattern formation [GO:0009953]; epidermal growth factor receptor signaling pathway [GO:0007173]; eye morphogenesis [GO:0048592]; imaginal disc-derived wing vein specification [GO:0007474]; maternal specification of dorsal/ventral axis, oocyte, soma encoded [GO:0007313]; negative regulation of cell growth [GO:0030308]; negative regulation of organ growth [GO:0046621]; negative regulation of transcription by RNA polymerase II [GO:0000122]; regulation of DNA-templated transcription [GO:0006355]; regulation of transcription by RNA polymerase II [GO:0006357]; terminal region determination [GO:0007362]; torso signaling pathway [GO:0008293]; wing disc dorsal/ventral pattern formation [GO:0048190]		
Moderate OA (pH 7.8)	GWK47_019131	1004	-0.23	9.08E-02	7.01E-04	0.0371253164			hypothetical protein	A4IH88	Uncharacterized protein KIAA2013 homolog			
Moderate OA (pH 7.8)	GWK47_039088	894	-0.23	9.03E-02	7.38E-04	0.03842736595		VAMP4	Vesicle-associated membrane protein 4	Q32L97	Vesicle-associated membrane protein 4 (VAMP-4)	cellular response to type II interferon [GO:0071346]; endocytic recycling [GO:0032456]; Golgi ribbon formation [GO:0090161]; Golgi to plasma membrane protein transport [GO:0043001]; regulation of Golgi to plasma membrane protein transport [GO:0042996]; SNARE complex assembly [GO:0035493]		
Moderate OA (pH 7.8)	GWK47_027793	321	-0.23	9.10E-02	8.04E-04	0.040	1.39	HEXDC_0	Hexosaminidase D	Q3U4H6	Hexosaminidase D (EC 3.2.1.52) (Beta-N-acetylhexosaminidase) (Beta-hexosaminidase D) (Hexosaminidase domain-containing protein) (N-acetyl-beta-galactosaminidase)	carbohydrate metabolic process [GO:0005975]	Carbohydrate metabolism	Carbohydrate metabolism
Moderate OA (pH 7.8)	GWK47_011432	319	-0.22	9.17E-02	0.0009923880719	0.04609710475		Rnft2	RING finger and transmembrane domain-containing protein 2	Q3UF64	RING finger and transmembrane domain-containing protein 2 (Transmembrane protein 118)	positive regulation of ERAD pathway [GO:1904294]		
Moderate OA (pH 7.8)	GWK47_030901	320	-0.21	7.99E-02	0.0005318904051	0.033	1.48	Wif1	Wnt inhibitory factor 1	Q9W3W5	Protein shifted (WIF-1-like protein)	positive regulation of smoothened signaling pathway [GO:0045880]; protein localization to extracellular region [GO:0071692]; protein stabilization [GO:0050821]; synaptic target recognition [GO:0008039]	Wnt signaling modulation, extracellular stabilization	Cell signaling
Moderate OA (pH 7.8)	GWK47_002313	948	-0.21	6.30E-02	5.62E-05	0.008584948327		Gtpbp1	GTP-binding protein 1	D2XV59	GTP-binding protein 1	cytoplasmic translation [GO:0002181]; GTP metabolic process [GO:0046039]; positive regulation of mRNA catabolic process [GO:0061014]; translational elongation [GO:0006414]		
Moderate OA (pH 7.8)	GWK47_014333	3223	-0.21	6.76E-02	1.70E-04	0.017	1.76	Spase22-23	Signal peptidase complex subunit 3	Q9VCA9	Signal peptidase complex subunit 3 (Microsomal signal peptidase 22 kDa subunit) (SPC22) (SPase 22 kDa subunit)	protein targeting to ER [GO:0045047]; signal peptide processing [GO:0006465]	ER protein processing, signal peptide cleavage	Protein processing
Moderate OA (pH 7.8)	GWK47_039981	575	-0.20	7.94E-02	0.0008630976152	0.042	1.38	cybc1	Cytochrome b-245 chaperone 1 homolog 	Q6DGA7	Cytochrome b-245 chaperone 1 homolog (Essential for reactive oxygen species protein) (Eros)	innate immune response [GO:0045087]; respiratory burst after phagocytosis [GO:0045728]	Immune response, ROS generation	Immune response
Moderate OA (pH 7.8)	GWK47_038916	3623	-0.20	7.55E-02	6.89E-04	0.037	1.43	C14B9.2	putative protein disulfide-isomerase A4	P34329	Probable protein disulfide-isomerase A4 (EC 5.3.4.1) (ERp-72 homolog)	endoplasmic reticulum unfolded protein response [GO:0030968]; IRE1-mediated unfolded protein response [GO:0036498]; protein folding [GO:0006457]; response to endoplasmic reticulum stress [GO:0034976]	ER stress response, protein folding	ER stress response
Moderate OA (pH 7.8)	GWK47_009486	2811	-0.19	5.35E-02	2.45E-05	0.004839212457		sau_1	Golgi phosphoprotein 3 sauron	Q9VQ93	Golgi phosphoprotein 3 homolog sauron (Protein rotini)	actomyosin contractile ring assembly [GO:0000915]; cleavage furrow formation [GO:0036089]; Golgi organization [GO:0007030]; Golgi to plasma membrane protein transport [GO:0043001]; Golgi vesicle budding [GO:0048194]; male meiosis cytokinesis [GO:0007112]; meiosis I cytokinesis [GO:0007110]; meiosis II cytokinesis [GO:0007111]; mitotic cytokinesis [GO:0000281]; mitotic spindle assembly [GO:0090307]; protein targeting to Golgi apparatus [GO:0140450]; retrograde transport, vesicle recycling within Golgi [GO:0000301]; retrograde vesicle-mediated transport, Golgi to endoplasmic reticulum [GO:0006890]; spindle assembly [GO:0051225]; spindle assembly involved in male meiosis [GO:0007053]; symbiont entry into host cell [GO:0046718]		
Moderate OA (pH 7.8)	GWK47_017946	303	-0.19	7.14E-02	8.59E-04	0.04205305402		Mppe1	Metallophosphoesterase 1					
Moderate OA (pH 7.8)	GWK47_026211	871	-0.18	6.01E-02	2.51E-04	0.022	1.66		hypothetical protein				Uncharacterized	Uncharacterized
Moderate OA (pH 7.8)	GWK47_001117	1025	-0.17	5.88E-02	3.51E-04	0.02534522512		PPP2R5D_0	Serine/threonine-protein phosphatase 2A regulatory subunit delta isoform	Q28653	Serine/threonine-protein phosphatase 2A 56 kDa regulatory subunit delta isoform (PP2A B subunit isoform B'-delta) (PP2A B subunit isoform B'-gamma) (PP2A B subunit isoform B56-delta) (PP2A B subunit isoform PR61-delta) (PP2A B subunit isoform R5-delta)	signal transduction [GO:0007165]		
Moderate OA (pH 7.8)	GWK47_049397	2587	-0.17	6.53E-02	8.18E-04	0.04096468132		Pdss2	Decaprenyl-diphosphate synthase subunit 2	Q5U2R1	All trans-polyprenyl-diphosphate synthase PDSS2 (All-trans-decaprenyl-diphosphate synthase subunit 2) (EC 2.5.1.91) (Decaprenyl-diphosphate synthase subunit 2) (Solanesyl-diphosphate synthase subunit 2)	cerebellum development [GO:0021549]; isoprenoid biosynthetic process [GO:0008299]; regulation of body fluid levels [GO:0050878]; ubiquinone biosynthetic process [GO:0006744]		
Moderate OA (pH 7.8)	GWK47_053874	3656	-0.16	4.88E-02	1.75E-04	0.01747126907		fus_1	RNA-binding protein fusilli	Q9BJZ5	RNA-binding protein fusilli	mRNA processing [GO:0006397]; regulation of RNA splicing [GO:0043484]; RNA splicing [GO:0008380]		
Moderate OA (pH 7.8)	GWK47_025886	3488	-0.11	3.78E-02	5.74E-04	0.034	1.46	UBFD1	Ubiquitin domain-containing protein UBFD1	O14562	Ubiquitin domain-containing protein UBFD1 (Ubiquitin-binding protein homolog)		Protein degradation, ubiquitin signaling	Protein degradation
Moderate OA (pH 7.8)	GWK47_022722	102	-0.02	7.16E-02	0.0001165143528	0.01334089339		UGT2B14_2	UDP-glucuronosyltransferase 2B14	A0A291PQF1	UDP-glycosyltransferase UGT5 (EC 2.4.1.-) (UDP-glucosyltransferase 5) (DcUGT5)			
Severe OA (pH 7.5)	GWK47_020967	403	1.89	0.68	0.00	1.16E-02			hypothetical protein					
Severe OA (pH 7.5)	GWK47_039556	1060	1.71	0.41	0.00	6.82E-04			hypothetical protein					
Severe OA (pH 7.5)	GWK47_051181	2023	1.38	0.51	0.00	1.29E-02	1.890	TPO	Thyroid peroxidase	P09933	Thyroid peroxidase (TPO) (EC 1.11.1.8)	hormone biosynthetic process [GO:0042446]; hydrogen peroxide catabolic process [GO:0042744]; response to oxidative stress [GO:0006979]; thyroid hormone generation [GO:0006590]		
Severe OA (pH 7.5)	GWK47_034150	1085	1.37	0.37	0.00	2.91E-03			hypothetical protein					
Severe OA (pH 7.5)	GWK47_035275	54860	1.34	0.51	0.00	1.70E-02			hypothetical protein					
Severe OA (pH 7.5)	GWK47_016794	909	1.32	0.50	0.00	2.54E-02			hypothetical protein					
Severe OA (pH 7.5)	GWK47_033734	29113	1.09	0.25	0.00	5.56E-04	3.255	HSP71_1	Heat shock protein 1	A2Q0Z1	Heat shock cognate 71 kDa protein (EC 3.6.4.10) (Heat shock 70 kDa protein 8)	chaperone cofactor-dependent protein refolding [GO:0051085]; clathrin coat disassembly [GO:0072318]; mRNA processing [GO:0006397]; negative regulation of DNA-templated transcription [GO:0045892]; protein refolding [GO:0042026]; protein targeting to lysosome involved in chaperone-mediated autophagy [GO:0061740]; RNA splicing [GO:0008380]		
Severe OA (pH 7.5)	GWK47_050573	614	1.08	0.32	0.00	5.02E-03			hypothetical protein					
Severe OA (pH 7.5)	GWK47_029205	26756	1.00	0.28	0.00	4.30E-03	2.366	HSP90AA1	Heat shock protein HSP 90-alpha	Q76LV2	Heat shock protein HSP 90-alpha (EC 3.6.4.10)	activation of innate immune response [GO:0002218]; cellular response to heat [GO:0034605]; cellular response to virus [GO:0098586]; positive regulation of defense response to virus by host [GO:0002230]; positive regulation of interferon-beta production [GO:0032728]; positive regulation of nitric oxide biosynthetic process [GO:0045429]; protein folding [GO:0006457]; protein stabilization [GO:0050821]; regulation of apoptotic process [GO:0042981]; response to antibiotic [GO:0046677]; response to cold [GO:0009409]; response to heat [GO:0009408]		
Severe OA (pH 7.5)	GWK47_024010	58305	0.90	0.38	0.00	2.83E-02	1.548	BmCDA1	hypothetical protein (putative chitin deacetylase 1 )	H9J9M0	Chitin deacetylase 1 (BmCDA1) (EC 3.5.1.41)	chitin catabolic process [GO:0006032]; polysaccharide catabolic process [GO:0000272]		
Severe OA (pH 7.5)	GWK47_046427	51	0.75	0.30	0.00	2.70E-02		Smpd1_1	Sphingomyelin phosphodiesterase	Q04519	Sphingomyelin phosphodiesterase (EC 3.1.4.12) (EC 3.1.4.3) (Acid sphingomyelinase) (ASMase) [Cleaved into: Sphingomyelin phosphodiesterase, processed form]	cellular response to calcium ion [GO:0071277]; cellular response to UV [GO:0034644]; ceramide biosynthetic process [GO:0046513]; ceramide metabolic process [GO:0006672]; cholesterol metabolic process [GO:0008203]; negative regulation of MAPK cascade [GO:0043409]; plasma membrane repair [GO:0001778]; positive regulation of apoptotic process [GO:0043065]; positive regulation of endocytosis [GO:0045807]; positive regulation of viral entry into host cell [GO:0046598]; response to cocaine [GO:0042220]; response to interleukin-1 [GO:0070555]; response to ionizing radiation [GO:0010212]; response to tumor necrosis factor [GO:0034612]; response to type I interferon [GO:0034340]; response to virus [GO:0009615]; response to xenobiotic stimulus [GO:0009410]; sphingomyelin catabolic process [GO:0006685]; symbiont entry into host cell [GO:0046718]; termination of signal transduction [GO:0023021]; wound healing [GO:0042060]		
Severe OA (pH 7.5)	GWK47_046856	565	0.71	0.26	0.00	2.28E-02	1.642	ZFAND2B	AN1-type zinc finger protein 2B	Q8WV99	AN1-type zinc finger protein 2B (Arsenite-inducible RNA-associated protein-like protein) (AIRAP-like protein)	proteasome-mediated ubiquitin-dependent protein catabolic process [GO:0043161]; protein targeting to ER [GO:0045047]; regulation of insulin-like growth factor receptor signaling pathway [GO:0043567]; SRP-dependent cotranslational protein targeting to membrane, translocation [GO:0006616]		
Severe OA (pH 7.5)	GWK47_035560	168	0.70	0.33	0.00	4.23E-02			hypothetical protein					
Severe OA (pH 7.5)	GWK47_027385	43	0.59	0.23	0.00	2.88E-02		l(2)dtl	Protein lethal(2)denticleless	Q24371	Protein lethal(2)denticleless (Protein DTL83)	mitotic G2 DNA damage checkpoint signaling [GO:0007095]; proteasome-mediated ubiquitin-dependent protein catabolic process [GO:0043161]; protein ubiquitination [GO:0016567]		
Severe OA (pH 7.5)	GWK47_029207	1732	0.59	0.26	0.00	3.90E-02			hypothetical protein					
Severe OA (pH 7.5)	GWK47_031192	2283	0.59	0.22	0.00	2.26E-02	1.647	CA7	Carbonic anhydrase 7	P43166	Carbonic anhydrase 7 (EC 4.2.1.1) (Carbonate dehydratase VII) (Carbonic anhydrase VII) (CA-VII)	neuron cellular homeostasis [GO:0070050]; positive regulation of cellular pH reduction [GO:0032849]; positive regulation of synaptic transmission, GABAergic [GO:0032230]; regulation of chloride transport [GO:2001225]; regulation of intracellular pH [GO:0051453]		
Severe OA (pH 7.5)	GWK47_029842	11919	0.58	0.07	0.00	1.35E-13	12.871	Ddx17	putative ATP-dependent RNA helicase DDX17	Q501J6	Probable ATP-dependent RNA helicase DDX17 (EC 3.6.4.13) (DEAD box protein 17)	alternative mRNA splicing, via spliceosome [GO:0000380]; androgen receptor signaling pathway [GO:0030521]; defense response to virus [GO:0051607]; epithelial to mesenchymal transition [GO:0001837]; estrogen receptor signaling pathway [GO:0030520]; gene expression [GO:0010467]; immune system process [GO:0002376]; miRNA metabolic process [GO:0010586]; miRNA transcription [GO:0061614]; myoblast differentiation [GO:0045445]; regulation of alternative mRNA splicing, via spliceosome [GO:0000381]; regulation of skeletal muscle cell differentiation [GO:2001014]; regulation of transcription by RNA polymerase II [GO:0006357]; regulatory ncRNA-mediated gene silencing [GO:0031047]; rRNA processing [GO:0006364]		
Severe OA (pH 7.5)	GWK47_036054	122	0.53	0.24	0.00	3.69E-02		ENTPD5_2	Ectonucleoside triphosphate diphosphohydrolase 5					
Severe OA (pH 7.5)	GWK47_002223	841	0.52	0.18	0.00	1.81E-02	1.742	Hspbp1	Hsp70-binding protein 1	Q99P31	Hsp70-binding protein 1 (HspBP1) (Heat shock protein-binding protein 1) (Hsp70-interacting protein 1)	positive regulation of proteasomal ubiquitin-dependent protein catabolic process [GO:0032436]; positive regulation of protein ubiquitination [GO:0031398]		
Severe OA (pH 7.5)	GWK47_042166	188	0.52	0.10	0.00	3.37E-05		AKAP17A	A-kinase anchor protein 17A	Q02040	A-kinase anchor protein 17A (AKAP-17A) (721P) (B-lymphocyte antigen) (Protein XE7) (Protein kinase A-anchoring protein 17A) (PRKA17A) (Splicing factor, arginine/serine-rich 17A)	B cell activation [GO:0042113]; mRNA processing [GO:0006397]; regulation of DNA-templated transcription [GO:0006355]; regulation of RNA splicing [GO:0043484]; RNA splicing [GO:0008380]; signal transduction [GO:0007165]		
Severe OA (pH 7.5)	GWK47_000589	550	0.51	0.12	0.00	1.08E-03	2.966	MSH2	DNA mismatch repair protein Msh2	Q3MHE4	DNA mismatch repair protein Msh2 (MutS protein homolog 2)	mismatch repair [GO:0006298]; mitotic recombination [GO:0006312]; somatic recombination of immunoglobulin genes involved in immune response [GO:0002204]		
Severe OA (pH 7.5)	GWK47_037129	1787	0.49	0.19	0.00	2.26E-02		Cyp6a13	putative cytochrome P450 6a13	Q9V4U9	Probable cytochrome P450 6a13 (EC 1.14.-.-) (CYPVIA13)	defense response to bacterium [GO:0042742]		
Severe OA (pH 7.5)	GWK47_031220	3738	0.47	0.17	0.00	2.26E-02		VEGFA_0	Vascular endothelial growth factor A					
Severe OA (pH 7.5)	GWK47_031882	562	0.46	0.21	0.00	4.43E-02		slgA	Proline dehydrogenase 1, mitochondrial	Q04499	Proline dehydrogenase 1, mitochondrial (EC 1.5.5.2) (Proline oxidase) (Protein sluggish-A)	aggressive behavior [GO:0002118]; locomotory behavior [GO:0007626]; phototaxis [GO:0042331]; proline catabolic process [GO:0006562]; proline catabolic process to glutamate [GO:0010133]		
Severe OA (pH 7.5)	GWK47_022316	40	0.45	0.20	0.00	4.00E-02			hypothetical protein					
Severe OA (pH 7.5)	GWK47_026044	163	0.45	0.18	0.00	3.45E-02			hypothetical protein					
Severe OA (pH 7.5)	GWK47_028378	205	0.45	0.15	0.00	1.36E-02		mcm2_1	DNA replication licensing factor mcm2	Q6DIH3	DNA replication licensing factor mcm2 (EC 3.6.4.12) (Minichromosome maintenance protein 2)	cell cycle DNA replication [GO:0044786]; DNA replication initiation [GO:0006270]; regulation of DNA-templated DNA replication initiation [GO:0030174]		
Severe OA (pH 7.5)	GWK47_027434	89	0.44	0.15	0.00	1.74E-02		PCID2	PCI domain-containing protein 2	Q8BFV2	PCI domain-containing protein 2 (CSN12-like protein)	negative regulation of gene expression, epigenetic [GO:0045814]; negative regulation of lymphoid progenitor cell differentiation [GO:1905457]; poly(A)+ mRNA export from nucleus [GO:0016973]; positive regulation of B cell differentiation [GO:0045579]; protein transport [GO:0015031]; spleen development [GO:0048536]		
Severe OA (pH 7.5)	GWK47_043124	893	0.44	0.15	0.00	1.79E-02			hypothetical protein					
Severe OA (pH 7.5)	GWK47_008600	74	0.42	0.19	0.00	4.61E-02			hypothetical protein					
Severe OA (pH 7.5)	GWK47_010353	9586	0.42	0.11	0.00	2.84E-03		Gpam	Glycerol-3-phosphate acyltransferase 1, mitochondrial	Q9HCL2	Glycerol-3-phosphate acyltransferase 1, mitochondrial (GPAT-1) (EC 2.3.1.15)	activated T cell proliferation [GO:0050798]; activation-induced cell death of T cells [GO:0006924]; acyl-CoA metabolic process [GO:0006637]; CDP-diacylglycerol biosynthetic process [GO:0016024]; defense response to virus [GO:0051607]; diacylglycerol biosynthetic process [GO:0006651]; fatty acid homeostasis [GO:0055089]; fatty acid metabolic process [GO:0006631]; glycerophospholipid metabolic process [GO:0006650]; negative regulation of activation-induced cell death of T cells [GO:0070236]; phosphatidic acid biosynthetic process [GO:0006654]; phosphatidylglycerol biosynthetic process [GO:0006655]; phospholipid homeostasis [GO:0055091]; positive regulation of activated T cell proliferation [GO:0042104]; positive regulation of multicellular organism growth [GO:0040018]; regulation of cytokine production [GO:0001817]; response to glucose [GO:0009749]; triglyceride biosynthetic process [GO:0019432]		
Severe OA (pH 7.5)	GWK47_033657	887	0.40	0.15	0.00	2.38E-02		ZBTB22	Zinc finger and BTB domain-containing protein 22					
Severe OA (pH 7.5)	GWK47_041785	445	0.39	0.08	0.00	1.67E-04			hypothetical protein					
Severe OA (pH 7.5)	GWK47_032689	118	0.37	0.15	0.00	3.45E-02			hypothetical protein					
Severe OA (pH 7.5)	GWK47_020299	570	0.37	0.10	0.00	2.84E-03			hypothetical protein					
Severe OA (pH 7.5)	GWK47_052709	372	0.36	0.14	0.00	3.21E-02		znf367	Zinc finger protein 367	Q567C6	Zinc finger protein 367	regulation of transcription by RNA polymerase II [GO:0006357]		
Severe OA (pH 7.5)	GWK47_043261	761	0.36	0.10	0.00	6.43E-03		TOPBP1	DNA topoisomerase 2-binding protein 1	Q92547	DNA topoisomerase 2-binding protein 1 (DNA topoisomerase II-beta-binding protein 1) (TopBP1) (DNA topoisomerase II-binding protein 1)	broken chromosome clustering [GO:0141112]; chromosome organization [GO:0051276]; DNA damage checkpoint signaling [GO:0000077]; DNA damage response [GO:0006974]; DNA metabolic process [GO:0006259]; DNA repair [GO:0006281]; DNA replication checkpoint signaling [GO:0000076]; DNA replication initiation [GO:0006270]; double-strand break repair via alternative nonhomologous end joining [GO:0097681]; double-strand break repair via classical nonhomologous end joining [GO:0097680]; double-strand break repair via homologous recombination [GO:0000724]; homologous recombination [GO:0035825]; mitotic DNA replication checkpoint signaling [GO:0033314]; mitotic G2 DNA damage checkpoint signaling [GO:0007095]; protein localization to site of double-strand break [GO:1990166]; response to ionizing radiation [GO:0010212]		
Severe OA (pH 7.5)	GWK47_026623	372	0.34	0.14	0.00	3.69E-02		Anapc4	Anaphase-promoting complex subunit 4	Q91W96	Anaphase-promoting complex subunit 4 (APC4) (Cyclosome subunit 4)	anaphase-promoting complex-dependent catabolic process [GO:0031145]; cell division [GO:0051301]; protein branched polyubiquitination [GO:0141198]; protein K11-linked ubiquitination [GO:0070979]; protein K48-linked ubiquitination [GO:0070936]; regulation of mitotic metaphase/anaphase transition [GO:0030071]		
Severe OA (pH 7.5)	GWK47_039130	885	0.34	0.12	0.00	1.87E-02		dpa	DNA replication licensing factor MCM4	Q26454	DNA replication licensing factor MCM4 (EC 3.6.4.12) (Protein disc proliferation abnormal)	DNA replication [GO:0006260]; DNA strand elongation involved in DNA replication [GO:0006271]; double-strand break repair via break-induced replication [GO:0000727]; mitotic DNA replication initiation [GO:1902975]; mitotic spindle organization [GO:0007052]; premeiotic DNA replication [GO:0006279]		
Severe OA (pH 7.5)	GWK47_047800	389	0.34	0.13	0.00	3.69E-02		tsr2	Pre-rRNA-processing protein TSR2	Q3KRG3	Pre-rRNA-processing protein TSR2 homolog	maturation of SSU-rRNA from tricistronic rRNA transcript (SSU-rRNA, 5.8S rRNA, LSU-rRNA) [GO:0000462]		
Severe OA (pH 7.5)	GWK47_024033	496	0.33	0.14	0.00	4.43E-02		ACMSD	2-amino-3-carboxymuconate-6-semialdehyde decarboxylase	Q0II68	2-amino-3-carboxymuconate-6-semialdehyde decarboxylase (EC 4.1.1.45) (Picolinate carboxylase)	negative regulation of quinolinate biosynthetic process [GO:1904985]; secondary metabolic process [GO:0019748]		
Severe OA (pH 7.5)	GWK47_027013	1576	0.33	0.08	0.00	6.82E-04		SART1	U4/U6.U5 tri-snRNP-associated protein 1	Q5XIW8	U4/U6.U5 tri-snRNP-associated protein 1 (Squamous cell carcinoma antigen recognized by T-cells 1) (SART-1) (rSART-1)	maturation of 5S rRNA [GO:0000481]; mRNA cis splicing, via spliceosome [GO:0045292]; mRNA splicing, via spliceosome [GO:0000398]; positive regulation of cytotoxic T cell differentiation [GO:0045585]		
Severe OA (pH 7.5)	GWK47_042294	920	0.33	0.08	0.00	1.08E-03		SmD1	putative small nuclear ribonucleoprotein Sm D1	Q9VU02	Probable small nuclear ribonucleoprotein Sm D1 (Sm-D1) (snRNP core protein D1)	mRNA splicing, via spliceosome [GO:0000398]; spliceosomal snRNP assembly [GO:0000387]		
Severe OA (pH 7.5)	GWK47_032869	462	0.32	0.08	0.00	9.30E-04		GTF2E1	General transcription factor IIE subunit 1	P29083	General transcription factor IIE subunit 1 (General transcription factor IIE 56 kDa subunit) (Transcription initiation factor IIE subunit alpha) (TFIIE-alpha)	transcription by RNA polymerase II [GO:0006366]; transcription initiation at RNA polymerase II promoter [GO:0006367]		
Severe OA (pH 7.5)	GWK47_023913	804	0.31	0.10	0.00	1.16E-02		med24_1	Mediator of RNA polymerase II transcription subunit 24	Q2PW47	Mediator of RNA polymerase II transcription subunit 24 (Mediator complex subunit 24) (Protein lessen) (Thyroid hormone receptor-associated protein 4 homolog) (Trap100 homolog)	enteric nervous system development [GO:0048484]; interstitial cell of Cajal differentiation [GO:0061453]; positive regulation of transcription initiation by RNA polymerase II [GO:0060261]; retinal cone cell development [GO:0046549]; thymus development [GO:0048538]		
Severe OA (pH 7.5)	GWK47_050768	4224	0.31	0.11	0.00	2.36E-02		SRSF2	Serine/arginine-rich splicing factor 2	Q3MHR5	Serine/arginine-rich splicing factor 2 (Splicing component, 35 kDa) (Splicing factor SC35) (SC-35) (Splicing factor, arginine/serine-rich 2)	mRNA processing [GO:0006397]; regulation of alternative mRNA splicing, via spliceosome [GO:0000381]; RNA splicing [GO:0008380]		
Severe OA (pH 7.5)	GWK47_054726	1256	0.30	0.06	0.00	1.71E-04		U2SURP	U2 snRNP-associated SURP motif-containing protein					
Severe OA (pH 7.5)	GWK47_033759	1970	0.30	0.06	0.00	1.67E-04		CYP-1	Peptidyl-prolyl cis-trans isomerase 1	Q27450	Peptidyl-prolyl cis-trans isomerase 1 (PPIase 1) (EC 5.2.1.8) (BmCYP-1) (Cyclophilin) (Rotamase 1)	protein folding [GO:0006457]		
Severe OA (pH 7.5)	GWK47_030071	892	0.30	0.09	0.00	1.06E-02			hypothetical protein	P34258	Uncharacterized protein B0303.7	actin filament organization [GO:0007015]; cell migration [GO:0016477]		
Severe OA (pH 7.5)	GWK47_002775	2244	0.29	0.07	0.00	7.43E-04		CDK17	Cyclin-dependent kinase 17	Q00537	Cyclin-dependent kinase 17 (EC 2.7.11.22) (Cell division protein kinase 17) (PCTAIRE-motif protein kinase 2) (Serine/threonine-protein kinase PCTAIRE-2)	protein phosphorylation [GO:0006468]; regulation of cell cycle phase transition [GO:1901987]		
Severe OA (pH 7.5)	GWK47_002953	430	0.29	0.11	0.00	2.86E-02		RPUSD3	Mitochondrial mRNA pseudouridine synthase RPUSD3	Q6P087	Mitochondrial mRNA pseudouridine synthase RPUSD3 (EC 5.4.99.-) (RNA pseudouridylate synthase domain-containing protein 3)	mRNA processing [GO:0006397]; mRNA pseudouridine synthesis [GO:1990481]; positive regulation of mitochondrial translation [GO:0070131]		
Severe OA (pH 7.5)	GWK47_045358	971	0.29	0.08	0.00	2.74E-03			hypothetical protein					
Severe OA (pH 7.5)	GWK47_052355	404	0.29	0.10	0.00	1.62E-02		mettl16	U6 small nuclear RNA (adenine-(43)-N(6))-methyltransferase	Q5ZIA0	RNA N(6)-adenosine-methyltransferase METTL16 (EC 2.1.1.348) (Methyltransferase 10 domain-containing protein) (Methyltransferase-like protein 16) (U6 small nuclear RNA (adenine-(43)-N(6))-methyltransferase) (EC 2.1.1.346)	mRNA catabolic process [GO:0006402]; mRNA destabilization [GO:0061157]; mRNA processing [GO:0006397]; post-transcriptional regulation of gene expression [GO:0010608]; regulation of mRNA splicing, via spliceosome [GO:0048024]; rRNA base methylation [GO:0070475]; S-adenosylmethionine biosynthetic process [GO:0006556]; snRNA (adenine-N6)-methylation [GO:0120049]		
Severe OA (pH 7.5)	GWK47_013012	3868	0.29	0.05	0.00	1.32E-07		su(w[a	Protein suppressor of white apricot	P12297	Protein suppressor of white apricot	mRNA 5'-splice site recognition [GO:0000395]		
Severe OA (pH 7.5)	GWK47_046801	520	0.29	0.11	0.00	3.69E-02		Msh3	DNA mismatch repair protein Msh3	P20585	DNA mismatch repair protein Msh3 (hMSH3) (Divergent upstream protein) (DUP) (Mismatch repair protein 1) (MRP1)	DNA repair [GO:0006281]; maintenance of DNA repeat elements [GO:0043570]; mismatch repair [GO:0006298]; mitotic recombination [GO:0006312]; negative regulation of DNA recombination [GO:0045910]; somatic recombination of immunoglobulin gene segments [GO:0016447]		
Severe OA (pH 7.5)	GWK47_019169	1047	0.28	0.11	0.00	3.04E-02		UBA2	SUMO-activating enzyme subunit 2	Q9UBT2	SUMO-activating enzyme subunit 2 (EC 2.3.2.-) (Anthracycline-associated resistance ARX) (Ubiquitin-like 1-activating enzyme E1B) (Ubiquitin-like modifier-activating enzyme 2)	positive regulation of protein sumoylation [GO:0033235]; protein sumoylation [GO:0016925]		
Severe OA (pH 7.5)	GWK47_054056	51788	0.28	0.06	0.00	7.43E-04		sqd	RNA-binding protein squid	Q08473	RNA-binding protein squid (Heterogeneous nuclear ribonucleoprotein 40) (HNRNP 40)	dorsal/ventral axis specification, ovarian follicular epithelium [GO:0008069]; dorsal/ventral pattern formation [GO:0009953]; follicle cell of egg chamber migration [GO:0007297]; germarium-derived egg chamber formation [GO:0007293]; intracellular mRNA localization [GO:0008298]; mRNA export from nucleus [GO:0006406]; mRNA splicing, via spliceosome [GO:0000398]; negative regulation of RNA splicing [GO:0033119]; negative regulation of translation [GO:0017148]; nuclear-transcribed mRNA catabolic process, nonsense-mediated decay [GO:0000184]; oocyte anterior/posterior axis specification [GO:0007314]; oocyte localization involved in germarium-derived egg chamber formation [GO:0030720]; oocyte microtubule cytoskeleton organization [GO:0016325]; oogenesis [GO:0048477]; pole plasm mRNA localization [GO:0019094]; pole plasm oskar mRNA localization [GO:0045451]; regulation of alternative mRNA splicing, via spliceosome [GO:0000381]; regulation of gene expression [GO:0010468]; RNA export from nucleus [GO:0006405]		
Severe OA (pH 7.5)	GWK47_041444	991	0.28	0.08	0.00	7.69E-03		Cwc25	Pre-mRNA-splicing factor CWC25	Q9DBF7	Pre-mRNA-splicing factor CWC25 homolog (Coiled-coil domain-containing protein 49) (Spliceosome-associated protein homolog CWC25)	mRNA splicing, via spliceosome [GO:0000398]		
Severe OA (pH 7.5)	GWK47_029699	504	0.27	0.07	0.00	2.00E-03		MED27	Mediator of RNA polymerase II transcription subunit 27	Q171Y8	Mediator of RNA polymerase II transcription subunit 27 (Mediator complex subunit 27)	regulation of transcription by RNA polymerase II [GO:0006357]		
Severe OA (pH 7.5)	GWK47_029110	279	0.27	0.11	0.00	4.00E-02		MPP3	MAGUK p55 subfamily member 7	Q8BVD5	MAGUK p55 subfamily member 7	bicellular tight junction assembly [GO:0070830]; positive regulation of protein-containing complex assembly [GO:0031334]; protein localization to adherens junction [GO:0071896]		
Severe OA (pH 7.5)	GWK47_040132	390	0.26	0.09	0.00	1.62E-02			hypothetical protein					
Severe OA (pH 7.5)	GWK47_022530	5475	0.26	0.06	0.00	1.08E-03		RBM39	RNA-binding protein 39	Q5RC80	RNA-binding protein 39 (RNA-binding motif protein 39)	mRNA processing [GO:0006397]; regulation of mRNA splicing, via spliceosome [GO:0048024]; RNA splicing [GO:0008380]		
Severe OA (pH 7.5)	GWK47_002752	1656	0.26	0.09	0.00	2.26E-02		Ube2j1	Ubiquitin-conjugating enzyme E2 J1	Q9Y385	Ubiquitin-conjugating enzyme E2 J1 (EC 2.3.2.23) (E2 ubiquitin-conjugating enzyme J1) (Non-canonical ubiquitin-conjugating enzyme 1) (NCUBE-1) (Yeast ubiquitin-conjugating enzyme UBC6 homolog E) (HsUBC6e)	ERAD pathway [GO:0036503]; negative regulation of retrograde protein transport, ER to cytosol [GO:1904153]; protein N-linked glycosylation via asparagine [GO:0018279]; protein polyubiquitination [GO:0000209]; regulation of macrophage cytokine production [GO:0010935]; regulation of tumor necrosis factor production [GO:0032680]; spermatid development [GO:0007286]		
Severe OA (pH 7.5)	GWK47_015677	644	0.25	0.10	0.00	3.24E-02		rnps1-a	RNA-binding protein with serine-rich domain 1-A	Q5XG24	RNA-binding protein with serine-rich domain 1-A	mRNA splicing, via spliceosome [GO:0000398]		
Severe OA (pH 7.5)	GWK47_001057	885	0.25	0.09	0.00	2.54E-02			hypothetical protein					
Severe OA (pH 7.5)	GWK47_012974	1568	0.25	0.08	0.00	1.06E-02		DCAF13	DDB1- and CUL4-associated factor 13	Q6NVS5	DDB1- and CUL4-associated factor 13 (WD repeat and SOF domain-containing protein 1)	oocyte growth [GO:0001555]; protein ubiquitination [GO:0016567]; rRNA processing [GO:0006364]		
Severe OA (pH 7.5)	GWK47_036783	263	0.24	0.10	0.00	4.30E-02		N6AMT1	HemK methyltransferase family member 2	Q6SKR2	Methyltransferase HEMK2 (HemK methyltransferase family member 2) (M.HsaHemK2P) (Lysine N-methyltransferase 9) (EC 2.1.1.-) (Methylarsonite methyltransferase N6AMT1) (EC 2.1.1.-) (Methyltransferase N6AMT1) (Protein N(5)-glutamine methyltransferase) (EC 2.1.1.-)	arsonoacetate metabolic process [GO:0018872]; methylation [GO:0032259]; negative regulation of gene expression, epigenetic [GO:0045814]; peptidyl-glutamine methylation [GO:0018364]; positive regulation of cell growth [GO:0030307]; toxin metabolic process [GO:0009404]; transcription initiation-coupled chromatin remodeling [GO:0045815]		
Severe OA (pH 7.5)	GWK47_054057	10318	0.24	0.09	0.00	2.59E-02			hypothetical protein					
Severe OA (pH 7.5)	GWK47_019450	326	0.24	0.10	0.00	4.43E-02		Dnaaf4	Dynein assembly factor 4, axonemal	Q5VJS5	Dynein axonemal assembly factor 4 (Dyslexia susceptibility 1 candidate gene 1 protein homolog)	cilium movement [GO:0003341]; determination of left/right symmetry [GO:0007368]; epithelial cilium movement involved in extracellular fluid movement [GO:0003351]; establishment of localization in cell [GO:0051649]; heart development [GO:0007507]; inner dynein arm assembly [GO:0036159]; learning or memory [GO:0007611]; neuron migration [GO:0001764]; outer dynein arm assembly [GO:0036158]; regulation of intracellular estrogen receptor signaling pathway [GO:0033146]; regulation of proteasomal protein catabolic process [GO:0061136]		
Severe OA (pH 7.5)	GWK47_044438	2293	0.24	0.05	0.00	5.56E-04		PNN	Pinin					
Severe OA (pH 7.5)	GWK47_016907	951	0.24	0.07	0.00	7.06E-03			hypothetical protein					
Severe OA (pH 7.5)	GWK47_052085	11569	0.24	0.07	0.00	1.15E-02		KPNA2	Importin subunit alpha-1	O00629	Importin subunit alpha-3 (Importin alpha Q1) (Qip1) (Karyopherin subunit alpha-4)	dopamine secretion [GO:0014046]; gene expression [GO:0010467]; NLS-bearing protein import into nucleus [GO:0006607]; protein import into nucleus [GO:0006606]; response to hydrogen peroxide [GO:0042542]		
Severe OA (pH 7.5)	GWK47_054140	334	0.24	0.08	0.00	2.28E-02		Tcf20	Transcription factor 20					
Severe OA (pH 7.5)	GWK47_054241	336	0.24	0.08	0.00	2.50E-02		ppp2r2b	Serine/threonine-protein phosphatase 2A regulatory subunit B beta isoform	Q5ZIY5	Serine/threonine-protein phosphatase 2A 55 kDa regulatory subunit B delta isoform (PP2A subunit B isoform B55-delta) (PP2A subunit B isoform PR55-delta) (PP2A subunit B isoform R2-delta) (PP2A subunit B isoform delta)	cell division [GO:0051301]; exit from mitosis [GO:0010458]; mitotic cell cycle [GO:0000278]; regulation of chromosome segregation [GO:0051983]		
Severe OA (pH 7.5)	GWK47_010339	603	0.23	0.07	0.00	8.58E-03			hypothetical protein					
Severe OA (pH 7.5)	GWK47_040797	2801	0.23	0.08	0.00	2.16E-02		TfIIFalpha	General transcription factor IIF subunit 1	Q05913	General transcription factor IIF subunit 1 (Transcription factor 5 large chain) (TF5A) (Transcription initiation factor IIF subunit alpha) (TFIIF-alpha)	positive regulation of transcription elongation by RNA polymerase II [GO:0032968]; transcription by RNA polymerase II [GO:0006366]; transcription elongation by RNA polymerase II [GO:0006368]; transcription initiation at RNA polymerase II promoter [GO:0006367]		
Severe OA (pH 7.5)	GWK47_026273	309	0.22	0.08	0.00	2.59E-02		RAE1_1	mRNA export factor	Q9W2E7	Protein Rae1	cell differentiation [GO:0030154]; cell division [GO:0051301]; hippo signaling [GO:0035329]; male meiosis I [GO:0007141]; mitotic cell cycle [GO:0000278]; negative regulation of synaptic assembly at neuromuscular junction [GO:0045886]; positive regulation of G1/S transition of mitotic cell cycle [GO:1900087]; positive regulation of gene expression [GO:0010628]; positive regulation of hippo signaling [GO:0035332]; regulation of autophagy [GO:0010506]; regulation of cell population proliferation [GO:0042127]; regulation of developmental growth [GO:0048638]; regulation of G1/S transition of mitotic cell cycle [GO:2000045]; regulation of hippo signaling [GO:0035330]; RNA export from nucleus [GO:0006405]; spermatogenesis [GO:0007283]; transcription-dependent tethering of RNA polymerase II gene DNA at nuclear periphery [GO:0000972]		
Severe OA (pH 7.5)	GWK47_005110	1104	0.22	0.05	0.00	9.30E-04		Cdc40	Pre-mRNA-processing factor 17	O60508	Pre-mRNA-processing factor 17 (Cell division cycle 40 homolog) (EH-binding protein 3) (Ehb3) (PRP17 homolog) (hPRP17)	embryonic brain development [GO:1990403]; mRNA splicing, via spliceosome [GO:0000398]		
Severe OA (pH 7.5)	GWK47_044602	1338	0.22	0.05	0.00	1.78E-03		CCNF	Cyclin-F	P41002	Cyclin-F (F-box only protein 1)	cell division [GO:0051301]; G1/S transition of mitotic cell cycle [GO:0000082]; negative regulation of centrosome duplication [GO:0010826]; placenta development [GO:0001890]; protein ubiquitination [GO:0016567]; re-entry into mitotic cell cycle [GO:0000320]; regulation of cell cycle [GO:0051726]; SCF-dependent proteasomal ubiquitin-dependent protein catabolic process [GO:0031146]		
Severe OA (pH 7.5)	GWK47_008744	447	0.22	0.07	0.00	1.87E-02		Mrgbp	MRG/MORF4L-binding protein	Q9NV56	MRG/MORF4L-binding protein (MRG-binding protein) (Up-regulated in colon cancer 4) (Urcc4)	chromatin organization [GO:0006325]; positive regulation of DNA-templated transcription [GO:0045893]; positive regulation of double-strand break repair via homologous recombination [GO:1905168]; regulation of apoptotic process [GO:0042981]; regulation of cell cycle [GO:0051726]; regulation of double-strand break repair [GO:2000779]; regulation of transcription by RNA polymerase II [GO:0006357]		
Severe OA (pH 7.5)	GWK47_020119	1589	0.22	0.08	0.00	2.36E-02		Exosc10	Exosome component 10	Q9VFF3	Exosome complex component 10 homolog (RRP6/EXOSC10) (EC 3.1.13.-)	cell division [GO:0051301]; chromosome segregation [GO:0007059]; defense response to virus [GO:0051607]; DNA repair [GO:0006281]; exonucleolytic trimming to generate mature 3'-end of 5.8S rRNA from tricistronic rRNA transcript (SSU-rRNA, 5.8S rRNA, LSU-rRNA) [GO:0000467]; histone mRNA catabolic process [GO:0071044]; mitotic cell cycle [GO:0000278]; nuclear polyadenylation-dependent antisense transcript catabolic process [GO:0071040]; nuclear polyadenylation-dependent CUT catabolic process [GO:0071039]; nuclear polyadenylation-dependent rRNA catabolic process [GO:0071035]; nuclear polyadenylation-dependent snoRNA catabolic process [GO:0071036]; nuclear polyadenylation-dependent snRNA catabolic process [GO:0071037]; nuclear RNA surveillance [GO:0071027]; poly(A)-dependent snoRNA 3'-end processing [GO:0071051]; regulation of gene expression [GO:0010468]; TRAMP-dependent tRNA surveillance pathway [GO:0071038]		
Severe OA (pH 7.5)	GWK47_010341	1537	0.22	0.06	0.00	4.84E-03		SF3A2	Splicing factor 3A subunit 2	Q6AXT8	Splicing factor 3A subunit 2	mRNA processing [GO:0006397]; mRNA splicing, via spliceosome [GO:0000398]; positive regulation of neuron projection development [GO:0010976]; spliceosomal complex assembly [GO:0000245]; U2-type prespliceosome assembly [GO:1903241]		
Severe OA (pH 7.5)	GWK47_014683	3475	0.22	0.08	0.00	3.21E-02		ZFAND6	AN1-type zinc finger protein 6	Q3SZY7	AN1-type zinc finger protein 6 (Zinc finger A20 domain-containing protein 3)	protein targeting to peroxisome [GO:0006625]		
Severe OA (pH 7.5)	GWK47_002030	1416	0.21	0.08	0.00	4.14E-02			hypothetical protein					
Severe OA (pH 7.5)	GWK47_017338	4085	0.21	0.08	0.00	3.69E-02		nst-1	Guanine nucleotide-binding protein-like 3	Q21086	Guanine nucleotide-binding protein-like 3 homolog (Nucleostemin-1)	germ cell development [GO:0007281]; nematode larval development [GO:0002119]; regulation of cell population proliferation [GO:0042127]; regulation of multicellular organism growth [GO:0040014]		
Severe OA (pH 7.5)	GWK47_010613	1993	0.21	0.08	0.00	4.01E-02		NOC2L	Nucleolar complex protein 2	Q3SYU1	Nucleolar complex protein 2 homolog (Protein NOC2 homolog) (NOC2-like protein) (Novel INHAT repressor)	apoptotic process [GO:0006915]; negative regulation of transcription by RNA polymerase II [GO:0000122]; ribosomal large subunit biogenesis [GO:0042273]		
Severe OA (pH 7.5)	GWK47_016908	1780	0.21	0.08	0.00	4.21E-02		SRRM1_1	Serine/arginine repetitive matrix protein 1	Q8IYB3	Serine/arginine repetitive matrix protein 1 (SR-related nuclear matrix protein of 160 kDa) (SRm160) (Ser/Arg-related nuclear matrix protein)	mRNA splicing, via spliceosome [GO:0000398]; regulation of mRNA splicing, via spliceosome [GO:0048024]; RNA splicing [GO:0008380]; RNA splicing, via transesterification reactions [GO:0000375]		
Severe OA (pH 7.5)	GWK47_049395	3550	0.20	0.06	0.00	1.30E-02		TFG_3	Protein TFG	Q92734	Protein TFG (TRK-fused gene protein)	COPII vesicle coating [GO:0048208]; endoplasmic reticulum to Golgi vesicle-mediated transport [GO:0006888]; positive regulation of canonical NF-kappaB signal transduction [GO:0043123]		
Severe OA (pH 7.5)	GWK47_038064	1488	0.20	0.07	0.00	2.28E-02		PRMT5	Protein arginine N-methyltransferase 5	O14744	Protein arginine N-methyltransferase 5 (PRMT5) (EC 2.1.1.320) (72 kDa ICln-binding protein) (Histone-arginine N-methyltransferase PRMT5) (Jak-binding protein 1) (Shk1 kinase-binding protein 1 homolog) (SKB1 homolog) (SKB1Hs) [Cleaved into: Protein arginine N-methyltransferase 5, N-terminally processed]	chromatin remodeling [GO:0006338]; circadian regulation of gene expression [GO:0032922]; DNA-templated transcription termination [GO:0006353]; endothelial cell activation [GO:0042118]; Golgi ribbon formation [GO:0090161]; liver regeneration [GO:0097421]; negative regulation of cell differentiation [GO:0045596]; negative regulation of gene expression via chromosomal CpG island methylation [GO:0044027]; peptidyl-arginine methylation [GO:0018216]; peptidyl-arginine N-methylation [GO:0035246]; positive regulation of adenylate cyclase-inhibiting dopamine receptor signaling pathway [GO:1904992]; positive regulation of mRNA splicing, via spliceosome [GO:0048026]; positive regulation of oligodendrocyte differentiation [GO:0048714]; regulation of DNA-templated transcription [GO:0006355]; regulation of ERK1 and ERK2 cascade [GO:0070372]; regulation of mitotic nuclear division [GO:0007088]; regulation of signal transduction by p53 class mediator [GO:1901796]; spliceosomal snRNP assembly [GO:0000387]		
Severe OA (pH 7.5)	GWK47_011158	1115	0.20	0.08	0.00	4.19E-02		MED7	Mediator of RNA polymerase II transcription subunit 7	Q7PR68	Mediator of RNA polymerase II transcription subunit 7 (Mediator complex subunit 7)	regulation of transcription by RNA polymerase II [GO:0006357]		
Severe OA (pH 7.5)	GWK47_043410	1219	0.20	0.06	0.00	9.95E-03		PRPF3	U4/U6 small nuclear ribonucleoprotein Prp3	Q922U1	U4/U6 small nuclear ribonucleoprotein Prp3 (Pre-mRNA-splicing factor 3)	mRNA splicing, via spliceosome [GO:0000398]; spliceosomal tri-snRNP complex assembly [GO:0000244]		
Severe OA (pH 7.5)	GWK47_054436	6350	0.19	0.07	0.00	3.42E-02			hypothetical protein					
Severe OA (pH 7.5)	GWK47_029251	941	0.19	0.07	0.00	3.76E-02		EXOSC8_1	Exosome complex component RRP43	Q9D753	Exosome complex component RRP43 (Exosome component 8) (Ribosomal RNA-processing protein 43)	RNA catabolic process [GO:0006401]; RNA processing [GO:0006396]; rRNA processing [GO:0006364]		
Severe OA (pH 7.5)	GWK47_005826	2869	0.18	0.06	0.00	1.79E-02			hypothetical protein					
Severe OA (pH 7.5)	GWK47_046538	1153	0.18	0.05	0.00	8.58E-03		Dcaf5_0	DDB1- and CUL4-associated factor 5	Q80T85	DDB1- and CUL4-associated factor 5 (WD repeat-containing protein 22)	protein ubiquitination [GO:0016567]		
Severe OA (pH 7.5)	GWK47_014718	2857	0.17	0.07	0.00	4.64E-02		Sf3a1	Splicing factor 3A subunit 1	A2VDN6	Splicing factor 3A subunit 1	mRNA cis splicing, via spliceosome [GO:0045292]; mRNA splicing, via spliceosome [GO:0000398]; U2-type prespliceosome assembly [GO:1903241]		
Severe OA (pH 7.5)	GWK47_047250	1683	0.17	0.06	0.00	3.41E-02		Dhx36	ATP-dependent RNA helicase DHX36	Q8VHK9	ATP-dependent DNA/RNA helicase DHX36 (EC 3.6.4.13) (DEAD/H box polypeptide 36) (DEAH box protein 36) (MLE-like protein 1) (RNA helicase associated with AU-rich element ARE)	3'-UTR-mediated mRNA destabilization [GO:0061158]; cell differentiation [GO:0030154]; cellular response to arsenite ion [GO:1903843]; cellular response to heat [GO:0034605]; cellular response to UV [GO:0034644]; defense response to virus [GO:0051607]; innate immune response [GO:0045087]; negative regulation of translation [GO:0017148]; ossification [GO:0001503]; positive regulation of canonical NF-kappaB signal transduction [GO:0043123]; positive regulation of cardioblast differentiation [GO:0051891]; positive regulation of cytoplasmic translation [GO:2000767]; positive regulation of dendritic spine morphogenesis [GO:0061003]; positive regulation of hematopoietic progenitor cell differentiation [GO:1901534]; positive regulation of interferon-alpha production [GO:0032727]; positive regulation of intracellular mRNA localization [GO:1904582]; positive regulation of mRNA 3'-end processing [GO:0031442]; positive regulation of myeloid dendritic cell cytokine production [GO:0002735]; positive regulation of nuclear-transcribed mRNA catabolic process, deadenylation-dependent decay [GO:1900153]; positive regulation of telomere maintenance [GO:0032206]; positive regulation of telomere maintenance via telomere lengthening [GO:1904358]; positive regulation of transcription by RNA polymerase II [GO:0045944]; positive regulation of transcription initiation by RNA polymerase II [GO:0060261]; regulation of embryonic development [GO:0045995]; regulation of mRNA stability [GO:0043488]; regulation of transcription by RNA polymerase III [GO:0006359]; response to exogenous dsRNA [GO:0043330]; response to virus [GO:0009615]; spermatogenesis [GO:0007283]; telomerase RNA stabilization [GO:0090669]		
Severe OA (pH 7.5)	GWK47_004745	1778	0.17	0.05	0.00	1.50E-02		FEM1C	Protein fem-1 C	Q8C0T1	Protein fem-1 homolog A-like (FEM1-alpha-B) (Protein fem-1 homolog A-B) (FEM1a-B)	protein ubiquitination [GO:0016567]; regulation of ubiquitin-protein transferase activity [GO:0051438]; ubiquitin-dependent protein catabolic process via the C-end degron rule pathway [GO:0140627]		
Severe OA (pH 7.5)	GWK47_000952	3887	0.16	0.05	0.00	9.04E-03		DHX15	Pre-mRNA-splicing factor ATP-dependent RNA helicase DHX15	Q7K3M5	ATP-dependent RNA helicase DHX15 homolog (EC 3.6.4.13)	innate immune response [GO:0045087]; mRNA splicing, via spliceosome [GO:0000398]; positive regulation of p38MAPK cascade [GO:1900745]		
Severe OA (pH 7.5)	GWK47_048604	648	0.16	0.06	0.00	3.45E-02			hypothetical protein					
Severe OA (pH 7.5)	GWK47_026015	1766	0.16	0.05	0.00	1.30E-02			hypothetical protein					
Severe OA (pH 7.5)	GWK47_048215	1742	0.16	0.05	0.00	1.87E-02			hypothetical protein					
Severe OA (pH 7.5)	GWK47_024074	1678	0.14	0.05	0.00	2.39E-02		TRAPPC8_1	Trafficking protein particle complex subunit 8	Q9Y2L5	Trafficking protein particle complex subunit 8 (Protein TRS85 homolog)	collagen biosynthetic process [GO:0032964]; COPII vesicle coating [GO:0048208]; endoplasmic reticulum to Golgi vesicle-mediated transport [GO:0006888]; Golgi organization [GO:0007030]; vesicle tethering [GO:0099022]		
Severe OA (pH 7.5)	GWK47_038920	2580	0.14	0.04	0.00	1.81E-02		EZH2_1	Histone-lysine N-methyltransferase EZH2	P42124	Histone-lysine N-methyltransferase E(z) (EC 2.1.1.356) (Lysine N-methyltransferase 6) (Protein enhancer of zeste)	anterior/posterior axis specification [GO:0009948]; axon guidance [GO:0007411]; facultative heterochromatin formation [GO:0140718]; heterochromatin formation [GO:0031507]; methylation [GO:0032259]; negative regulation of DNA-templated transcription [GO:0045892]; neurogenesis [GO:0022008]; regulation of neuroblast proliferation [GO:1902692]; regulation of transcription by RNA polymerase II [GO:0006357]; syncytial blastoderm mitotic cell cycle [GO:0035186]		
Severe OA (pH 7.5)	GWK47_034210	1658	0.14	0.05	0.00	3.69E-02		STAG1	Cohesin subunit SA-1	Q8WVM7	Cohesin subunit SA-1 (SCC3 homolog 1) (Stromal antigen 1)	cell division [GO:0051301]; establishment of mitotic sister chromatid cohesion [GO:0034087]; mitotic spindle assembly [GO:0090307]; sister chromatid cohesion [GO:0007062]		
	GWK47_001311	2982	0.11	0.03	0.00	1.93E-02		ubc-1	Ubiquitin-conjugating enzyme E2 1	P52478	Ubiquitin-conjugating enzyme E2 1 (EC 2.3.2.23) (E2 ubiquitin-conjugating enzyme 1) (Ubiquitin carrier protein 1) (Ubiquitin-protein ligase 1)	DNA repair [GO:0006281]; proteasome-mediated ubiquitin-dependent protein catabolic process [GO:0043161]; protein polyubiquitination [GO:0000209]; protein ubiquitination [GO:0016567]		