"gene","loading","abs_loading","PC","gene_name","protein","protein_id","GO","spid","gene_uni","species","pident","length","evalue"
"GWK47_029205",-0.0809419000425608,0.0809419000425608,"PC1","HSP90AA1","Heat shock protein HSP 90-alpha","KAG0729995.1","GO:0005524","Q76LV2","HS90A","BOVIN",81.4,743,0
"GWK47_029205",-0.0809419000425608,0.0809419000425608,"PC1","HSP90AA1","Heat shock protein HSP 90-alpha","KAG0729995.1","GO:0006457","Q76LV2","HS90A","BOVIN",81.4,743,0
"GWK47_029205",-0.0809419000425608,0.0809419000425608,"PC1","HSP90AA1","Heat shock protein HSP 90-alpha","KAG0729995.1","GO:0051082","Q76LV2","HS90A","BOVIN",81.4,743,0
"GWK47_033734",-0.0780509881920801,0.0780509881920801,"PC1","HSP71_1","Heat shock protein 1","KAG0727865.1",NA,"A2Q0Z1","HSP7C","HORSE",78.9,646,0
"GWK47_034327",0.0702162620083337,0.0702162620083337,"PC1","Ank1","Ankyrin-1","KAG0727572.1","GO:0005515","Q9P2R3","ANFY1","HUMAN",30.6,248,7.7e-12
"GWK47_037457",0.0691882535273025,0.0691882535273025,"PC1","Slc18b1_0","MFS-type transporter SLC18B1","KAG0726014.1","GO:0005215","D4A9K4","S18B1","RAT",38.3,384,4.01e-79
"GWK47_037457",0.0691882535273025,0.0691882535273025,"PC1","Slc18b1_0","MFS-type transporter SLC18B1","KAG0726014.1","GO:0016021","D4A9K4","S18B1","RAT",38.3,384,4.01e-79
"GWK47_037457",0.0691882535273025,0.0691882535273025,"PC1","Slc18b1_0","MFS-type transporter SLC18B1","KAG0726014.1","GO:0055085","D4A9K4","S18B1","RAT",38.3,384,4.01e-79
"GWK47_037092",0.0685473813260707,0.0685473813260707,"PC1",NA,"hypothetical protein","KAG0726198.1",NA,NA,NA,NA,NA,NA,NA
"GWK47_037093",0.0654113366924371,0.0654113366924371,"PC1",NA,"hypothetical protein","KAG0726199.1",NA,NA,NA,NA,NA,NA,NA
"GWK47_045598",0.0637237119832752,0.0637237119832752,"PC1",NA,"hypothetical protein","KAG0721851.1",NA,NA,NA,NA,NA,NA,NA
"GWK47_045598",0.0637237119832752,0.0637237119832752,"PC1",NA,"hypothetical protein","KAG0721850.1",NA,NA,NA,NA,NA,NA,NA
"GWK47_053713",0.0632480812833214,0.0632480812833214,"PC1","MFSD12_1","Major facilitator superfamily domain-containing protein 12","KAG0717799.1",NA,"A0A3Q2HW92","MFS12","HORSE",36.9,426,8.85e-74
"GWK47_032544",0.0620684423435177,0.0620684423435177,"PC1","SLC15A1","Solute carrier family 15 member 1","KAG0728410.1","GO:0005215","B0S6T2","S15A2","DANRE",42.4,714,4e-166
"GWK47_032544",0.0620684423435177,0.0620684423435177,"PC1","SLC15A1","Solute carrier family 15 member 1","KAG0728410.1","GO:0006857","B0S6T2","S15A2","DANRE",42.4,714,4e-166
"GWK47_032544",0.0620684423435177,0.0620684423435177,"PC1","SLC15A1","Solute carrier family 15 member 1","KAG0728410.1","GO:0016020","B0S6T2","S15A2","DANRE",42.4,714,4e-166
"GWK47_032544",0.0620684423435177,0.0620684423435177,"PC1","SLC15A1","Solute carrier family 15 member 1","KAG0728410.1","GO:0022857","B0S6T2","S15A2","DANRE",42.4,714,4e-166
"GWK47_032544",0.0620684423435177,0.0620684423435177,"PC1","SLC15A1","Solute carrier family 15 member 1","KAG0728410.1","GO:0055085","B0S6T2","S15A2","DANRE",42.4,714,4e-166
"GWK47_006688",-0.0612138650588406,0.0612138650588406,"PC1","CUPA3_2","Cuticle protein AM1199","KAG0720549.1","GO:0042302","Q8T635","CU20","MANSE",47.7,107,2.33e-23
"GWK47_048345",0.0607273707698356,0.0607273707698356,"PC1","PNLIPRP2_1","Pancreatic lipase-related protein 2","KAG0720506.1","GO:0006629","P81139","LIPR2","CAVPO",38.2,338,1.1e-65
"GWK47_048345",0.0607273707698356,0.0607273707698356,"PC1","PNLIPRP2_1","Pancreatic lipase-related protein 2","KAG0720506.1","GO:0052689","P81139","LIPR2","CAVPO",38.2,338,1.1e-65
"GWK47_035275",-0.059869147267079,0.059869147267079,"PC1",NA,"hypothetical protein","KAG0727142.1",NA,NA,NA,NA,NA,NA,NA
"GWK47_035115",-0.0597636868271041,0.0597636868271041,"PC1",NA,"hypothetical protein","KAG0727205.1","GO:0042302",NA,NA,NA,NA,NA,NA
"GWK47_022355",0.0587861122688006,0.0587861122688006,"PC1","Pnliprp1_0","Inactive pancreatic lipase-related protein 1","KAG0710654.1","GO:0006629","Q5BKQ4","LIPR1","MOUSE",35.2,310,1.14e-42
"GWK47_022355",0.0587861122688006,0.0587861122688006,"PC1","Pnliprp1_0","Inactive pancreatic lipase-related protein 1","KAG0710654.1","GO:0052689","Q5BKQ4","LIPR1","MOUSE",35.2,310,1.14e-42
"GWK47_022009",0.0585477333452924,0.0585477333452924,"PC1","Leng9","Leukocyte receptor cluster member 9","KAG0710823.1","GO:0046872","Q8BTN6","LENG9","MOUSE",45.9,157,4.3e-33
"GWK47_014687",0.0565347614593946,0.0565347614593946,"PC1","Bbox1_2","Gamma-butyrobetaine dioxygenase","KAG0714161.1","GO:0016491","Q9QZU7","BODG","RAT",32.9,383,7.82e-66
"GWK47_014687",0.0565347614593946,0.0565347614593946,"PC1","Bbox1_2","Gamma-butyrobetaine dioxygenase","KAG0714161.1","GO:0055114","Q9QZU7","BODG","RAT",32.9,383,7.82e-66
"GWK47_039428",0.0565341548842566,0.0565341548842566,"PC1",NA,"hypothetical protein","KAG0725022.1",NA,NA,NA,NA,NA,NA,NA
"GWK47_039428",0.0565341548842566,0.0565341548842566,"PC1",NA,"hypothetical protein","KAG0725021.1",NA,NA,NA,NA,NA,NA,NA
"GWK47_030598",-0.0556715492161748,0.0556715492161748,"PC1",NA,"hypothetical protein","KAG0729338.1",NA,"P10776","NPAB","LOCMI",47.4,57,3.73e-11
"GWK47_051099",0.0553645005820166,0.0553645005820166,"PC1","CPB1","Carboxypeptidase B","KAG0719146.1","GO:0004181","P00732","CBPB1","BOVIN",45.8,107,4.61e-21
"GWK47_051099",0.0553645005820166,0.0553645005820166,"PC1","CPB1","Carboxypeptidase B","KAG0719146.1","GO:0006508","P00732","CBPB1","BOVIN",45.8,107,4.61e-21
"GWK47_051099",0.0553645005820166,0.0553645005820166,"PC1","CPB1","Carboxypeptidase B","KAG0719146.1","GO:0008270","P00732","CBPB1","BOVIN",45.8,107,4.61e-21
"GWK47_042440",-0.055147444651853,0.055147444651853,"PC1","CUPA3_0","Cuticle protein AM1199","KAG0723575.1","GO:0042302","P81577","CUPA3","CANPG",48.5,101,4.01e-21
"GWK47_007253",-0.0528310927333198,0.0528310927333198,"PC1","UGT2B15_3","UDP-glucuronosyltransferase 2B15","KAG0719524.1","GO:0016758","A0A291PQF1","UGT5","DACCO",35.5,200,3.95e-43
"GWK47_005561",0.0528153877314634,0.0528153877314634,"PC1",NA,"hypothetical protein","KAG0723303.1",NA,NA,NA,NA,NA,NA,NA
"GWK47_005560",0.0520521670225336,0.0520521670225336,"PC1",NA,"hypothetical protein","KAG0723302.1",NA,NA,NA,NA,NA,NA,NA
"GWK47_049614",-0.0507657134489401,0.0507657134489401,"PC1",NA,"hypothetical protein","KAG0719883.1",NA,NA,NA,NA,NA,NA,NA
"GWK47_015179",0.0506472094455623,0.0506472094455623,"PC1",NA,"hypothetical protein","KAG0713905.1",NA,NA,NA,NA,NA,NA,NA
"GWK47_022413",0.0506051909537027,0.0506051909537027,"PC1",NA,"hypothetical protein","KAG0710612.1","GO:0005576",NA,NA,NA,NA,NA,NA
"GWK47_022413",0.0506051909537027,0.0506051909537027,"PC1",NA,"hypothetical protein","KAG0710612.1","GO:0006030",NA,NA,NA,NA,NA,NA
"GWK47_022413",0.0506051909537027,0.0506051909537027,"PC1",NA,"hypothetical protein","KAG0710612.1","GO:0008061",NA,NA,NA,NA,NA,NA
"GWK47_023919",0.0503150714327374,0.0503150714327374,"PC1","IRF8","Interferon regulatory factor 8","KAG0709122.1","GO:0044212",NA,NA,NA,NA,NA,NA
"GWK47_036704",0.0495572217779459,0.0495572217779459,"PC1","PCK2","Phosphoenolpyruvate carboxykinase [GTP","KAG0726385.1","GO:0004611","Q16822","PCKGM","HUMAN",68.9,614,0
"GWK47_036704",0.0495572217779459,0.0495572217779459,"PC1","PCK2","Phosphoenolpyruvate carboxykinase [GTP","KAG0726385.1","GO:0004613","Q16822","PCKGM","HUMAN",68.9,614,0
"GWK47_036704",0.0495572217779459,0.0495572217779459,"PC1","PCK2","Phosphoenolpyruvate carboxykinase [GTP","KAG0726385.1","GO:0005525","Q16822","PCKGM","HUMAN",68.9,614,0
"GWK47_036704",0.0495572217779459,0.0495572217779459,"PC1","PCK2","Phosphoenolpyruvate carboxykinase [GTP","KAG0726385.1","GO:0006094","Q16822","PCKGM","HUMAN",68.9,614,0
"GWK47_036704",0.0495572217779459,0.0495572217779459,"PC1","PCK2","Phosphoenolpyruvate carboxykinase [GTP","KAG0726385.1","GO:0017076","Q16822","PCKGM","HUMAN",68.9,614,0
"GWK47_006188",0.0485193604010003,0.0485193604010003,"PC1","Mknk1","MAP kinase-interacting serine/threonine-protein kinase 1","KAG0721862.1","GO:0004672","Q66I46","MKNK2","XENTR",59.6,371,6.35e-162
"GWK47_006188",0.0485193604010003,0.0485193604010003,"PC1","Mknk1","MAP kinase-interacting serine/threonine-protein kinase 1","KAG0721862.1","GO:0005524","Q66I46","MKNK2","XENTR",59.6,371,6.35e-162
"GWK47_006188",0.0485193604010003,0.0485193604010003,"PC1","Mknk1","MAP kinase-interacting serine/threonine-protein kinase 1","KAG0721862.1","GO:0006468","Q66I46","MKNK2","XENTR",59.6,371,6.35e-162
"GWK47_019251",0.0467595756587996,0.0467595756587996,"PC1","MUCB1","Integumentary mucin B.1","KAG0712061.1",NA,NA,NA,NA,NA,NA,NA
"GWK47_046142",0.0467102193845643,0.0467102193845643,"PC1","Diap2_3","Death-associated inhibitor of apoptosis 2","KAG0721607.1",NA,"A9JTP3","BIRC7","XENTR",29.2,424,1.67e-41
"GWK47_046142",0.0467102193845643,0.0467102193845643,"PC1","Diap2_3","Death-associated inhibitor of apoptosis 2","KAG0721610.1",NA,"A9JTP3","BIRC7","XENTR",30.2,411,2.79e-42
"GWK47_046142",0.0467102193845643,0.0467102193845643,"PC1","Diap2_3","Death-associated inhibitor of apoptosis 2","KAG0721608.1",NA,"A9JTP3","BIRC7","XENTR",29.2,424,6.02e-42
"GWK47_046142",0.0467102193845643,0.0467102193845643,"PC1","Diap2_3","Death-associated inhibitor of apoptosis 2","KAG0721609.1",NA,"A9JTP3","BIRC7","XENTR",30.2,411,9.42e-43
"GWK47_049006",-0.046541314296819,0.046541314296819,"PC1",NA,"hypothetical protein","KAG0720180.1",NA,NA,NA,NA,NA,NA,NA
"GWK47_031218",-0.0465168371682836,0.0465168371682836,"PC1","pik3r1-a","Phosphatidylinositol 3-kinase regulatory subunit alpha","KAG0729017.1","GO:0005515","P26450","P85A","MOUSE",34.2,647,1.35e-103
"GWK47_031218",-0.0465168371682836,0.0465168371682836,"PC1","pik3r1-a","Phosphatidylinositol 3-kinase regulatory subunit alpha","KAG0729017.1","GO:0007165","P26450","P85A","MOUSE",34.2,647,1.35e-103
"GWK47_031218",-0.0465168371682836,0.0465168371682836,"PC1","pik3r1-a","Phosphatidylinositol 3-kinase regulatory subunit alpha","KAG0729017.1","GO:0035556","P26450","P85A","MOUSE",34.2,647,1.35e-103
"GWK47_016794",-0.0463669205352172,0.0463669205352172,"PC1",NA,"hypothetical protein","KAG0713179.1",NA,NA,NA,NA,NA,NA,NA
"GWK47_031369",0.0458174295562258,0.0458174295562258,"PC1","pim3_1","Serine/threonine-protein kinase pim-3","KAG0728949.1","GO:0004672","Q91822","PIM3","XENLA",55.3,275,8.82e-103
"GWK47_031369",0.0458174295562258,0.0458174295562258,"PC1","pim3_1","Serine/threonine-protein kinase pim-3","KAG0728949.1","GO:0005524","Q91822","PIM3","XENLA",55.3,275,8.82e-103
"GWK47_031369",0.0458174295562258,0.0458174295562258,"PC1","pim3_1","Serine/threonine-protein kinase pim-3","KAG0728949.1","GO:0006468","Q91822","PIM3","XENLA",55.3,275,8.82e-103
"GWK47_024287",0.0457309774882885,0.0457309774882885,"PC1",NA,"hypothetical protein","KAG0706840.1",NA,NA,NA,NA,NA,NA,NA
"GWK47_031141",-0.0452339674728043,0.0452339674728043,"PC1","Mid1ip1_1","Mid1-interacting protein 1","KAG0729067.1",NA,NA,NA,NA,NA,NA,NA
"GWK47_031141",-0.0452339674728043,0.0452339674728043,"PC1","Mid1ip1_1","Mid1-interacting protein 1","KAG0729066.1",NA,NA,NA,NA,NA,NA,NA
"GWK47_040257",-0.045180189458581,0.045180189458581,"PC1","acsbg2","Long-chain-fatty-acid--CoA ligase ACSBG2","KAG0724610.1","GO:0003824","Q7ZYC4","ACBG2","XENLA",55.2,660,1.09e-261
"GWK47_020967",-0.0448459360344913,0.0448459360344913,"PC1",NA,"hypothetical protein","KAG0711274.1",NA,NA,NA,NA,NA,NA,NA
"GWK47_022732",0.0447248436483946,0.0447248436483946,"PC1","CREBL2","cAMP-responsive element-binding protein-like 2","KAG0710458.1","GO:0003700","Q0VD32","CRBL2","BOVIN",61.1,90,5.05e-27
"GWK47_022732",0.0447248436483946,0.0447248436483946,"PC1","CREBL2","cAMP-responsive element-binding protein-like 2","KAG0710458.1","GO:0006355","Q0VD32","CRBL2","BOVIN",61.1,90,5.05e-27
"GWK47_002621",0.0443288410312174,0.0443288410312174,"PC1",NA,"hypothetical protein","KAG0709983.1",NA,NA,NA,NA,NA,NA,NA
"GWK47_006061",0.0437764010776505,0.0437764010776505,"PC1","LRP1_1","Prolow-density lipoprotein receptor-related protein 1","KAG0722392.1","GO:0005515",NA,NA,NA,NA,NA,NA
"GWK47_024010",-0.0434111941508558,0.0434111941508558,"PC1",NA,"hypothetical protein","KAG0708482.1","GO:0003824","H9J9M0","CDA1","BOMMO",47.2,489,7.46e-158
"GWK47_024010",-0.0434111941508558,0.0434111941508558,"PC1",NA,"hypothetical protein","KAG0708482.1","GO:0005515","H9J9M0","CDA1","BOMMO",47.2,489,7.46e-158
"GWK47_024010",-0.0434111941508558,0.0434111941508558,"PC1",NA,"hypothetical protein","KAG0708482.1","GO:0005576","H9J9M0","CDA1","BOMMO",47.2,489,7.46e-158
"GWK47_024010",-0.0434111941508558,0.0434111941508558,"PC1",NA,"hypothetical protein","KAG0708482.1","GO:0005975","H9J9M0","CDA1","BOMMO",47.2,489,7.46e-158
"GWK47_024010",-0.0434111941508558,0.0434111941508558,"PC1",NA,"hypothetical protein","KAG0708482.1","GO:0006030","H9J9M0","CDA1","BOMMO",47.2,489,7.46e-158
"GWK47_024010",-0.0434111941508558,0.0434111941508558,"PC1",NA,"hypothetical protein","KAG0708482.1","GO:0008061","H9J9M0","CDA1","BOMMO",47.2,489,7.46e-158
"GWK47_005062",0.0429296852692174,0.0429296852692174,"PC1",NA,"hypothetical protein","KAG0724465.1",NA,NA,NA,NA,NA,NA,NA
"GWK47_036705",0.0428691107359885,0.0428691107359885,"PC1","Pepck","Phosphoenolpyruvate carboxykinase [GTP","KAG0726386.1","GO:0004611","Q16822","PCKGM","HUMAN",68.6,608,0
"GWK47_036705",0.0428691107359885,0.0428691107359885,"PC1","Pepck","Phosphoenolpyruvate carboxykinase [GTP","KAG0726386.1","GO:0004613","Q16822","PCKGM","HUMAN",68.6,608,0
"GWK47_036705",0.0428691107359885,0.0428691107359885,"PC1","Pepck","Phosphoenolpyruvate carboxykinase [GTP","KAG0726386.1","GO:0005525","Q16822","PCKGM","HUMAN",68.6,608,0
"GWK47_036705",0.0428691107359885,0.0428691107359885,"PC1","Pepck","Phosphoenolpyruvate carboxykinase [GTP","KAG0726386.1","GO:0006094","Q16822","PCKGM","HUMAN",68.6,608,0
"GWK47_036705",0.0428691107359885,0.0428691107359885,"PC1","Pepck","Phosphoenolpyruvate carboxykinase [GTP","KAG0726386.1","GO:0017076","Q16822","PCKGM","HUMAN",68.6,608,0
"GWK47_010827",-0.0428020794481475,0.0428020794481475,"PC1","Top3alpha","DNA topoisomerase 3-alpha","KAG0715938.1","GO:0003677","Q13472","TOP3A","HUMAN",53.4,294,1.79e-89
"GWK47_010827",-0.0428020794481475,0.0428020794481475,"PC1","Top3alpha","DNA topoisomerase 3-alpha","KAG0715938.1","GO:0003916","Q13472","TOP3A","HUMAN",53.4,294,1.79e-89
"GWK47_010827",-0.0428020794481475,0.0428020794481475,"PC1","Top3alpha","DNA topoisomerase 3-alpha","KAG0715938.1","GO:0006265","Q13472","TOP3A","HUMAN",53.4,294,1.79e-89
"GWK47_029204",-0.0428008394231297,0.0428008394231297,"PC1","hsp90a.1","Heat shock protein HSP 90-alpha 1","KAG0729994.1","GO:0005524","P11501","HS90A","CHICK",77.9,723,0
"GWK47_029204",-0.0428008394231297,0.0428008394231297,"PC1","hsp90a.1","Heat shock protein HSP 90-alpha 1","KAG0729994.1","GO:0006457","P11501","HS90A","CHICK",77.9,723,0
"GWK47_029204",-0.0428008394231297,0.0428008394231297,"PC1","hsp90a.1","Heat shock protein HSP 90-alpha 1","KAG0729994.1","GO:0051082","P11501","HS90A","CHICK",77.9,723,0
"GWK47_009678",0.0427648497414221,0.0427648497414221,"PC1","Ets21C","DNA-binding protein D-ETS-6","KAG0716449.1","GO:0003700","P29776","ETS6","DROME",51.6,221,1.33e-60
"GWK47_009678",0.0427648497414221,0.0427648497414221,"PC1","Ets21C","DNA-binding protein D-ETS-6","KAG0716449.1","GO:0005634","P29776","ETS6","DROME",51.6,221,1.33e-60
"GWK47_009678",0.0427648497414221,0.0427648497414221,"PC1","Ets21C","DNA-binding protein D-ETS-6","KAG0716449.1","GO:0006355","P29776","ETS6","DROME",51.6,221,1.33e-60
"GWK47_009678",0.0427648497414221,0.0427648497414221,"PC1","Ets21C","DNA-binding protein D-ETS-6","KAG0716449.1","GO:0043565","P29776","ETS6","DROME",51.6,221,1.33e-60
"GWK47_044097",0.042179132887032,0.042179132887032,"PC1",NA,"Protein ALP1-like","KAG0722671.1",NA,"Q9M2U3","ALPL","ARATH",24.7,312,2.24e-17
"GWK47_030649",0.0409984657407014,0.0409984657407014,"PC1",NA,"hypothetical protein","KAG0729296.1",NA,NA,NA,NA,NA,NA,NA
"GWK47_005561",-0.0864039477911647,0.0864039477911647,"PC2",NA,"hypothetical protein","KAG0723303.1",NA,NA,NA,NA,NA,NA,NA
"GWK47_005560",-0.085505203386127,0.085505203386127,"PC2",NA,"hypothetical protein","KAG0723302.1",NA,NA,NA,NA,NA,NA,NA
"GWK47_010391",0.081627019894477,0.081627019894477,"PC2","Bbox1_6","Gamma-butyrobetaine dioxygenase","KAG0716176.1","GO:0016491","Q9QZU7","BODG","RAT",33.3,372,5.71e-66
"GWK47_010391",0.081627019894477,0.081627019894477,"PC2","Bbox1_6","Gamma-butyrobetaine dioxygenase","KAG0716176.1","GO:0055114","Q9QZU7","BODG","RAT",33.3,372,5.71e-66
"GWK47_046958",-0.0814912724267256,0.0814912724267256,"PC2","PRSS55","Serine protease 55","KAG0721191.1","GO:0004252","Q28661","PROC","RABIT",31,248,3.76e-23
"GWK47_046958",-0.0814912724267256,0.0814912724267256,"PC2","PRSS55","Serine protease 55","KAG0721191.1","GO:0006508","Q28661","PROC","RABIT",31,248,3.76e-23
"GWK47_019251",-0.0780683121890027,0.0780683121890027,"PC2","MUCB1","Integumentary mucin B.1","KAG0712061.1",NA,NA,NA,NA,NA,NA,NA
"GWK47_012168",-0.0779602062562928,0.0779602062562928,"PC2",NA,"hypothetical protein","KAG0715345.1","GO:0005576",NA,NA,NA,NA,NA,NA
"GWK47_012168",-0.0779602062562928,0.0779602062562928,"PC2",NA,"hypothetical protein","KAG0715345.1","GO:0006030",NA,NA,NA,NA,NA,NA
"GWK47_012168",-0.0779602062562928,0.0779602062562928,"PC2",NA,"hypothetical protein","KAG0715345.1","GO:0008061",NA,NA,NA,NA,NA,NA
"GWK47_020967",0.0723014320608123,0.0723014320608123,"PC2",NA,"hypothetical protein","KAG0711274.1",NA,NA,NA,NA,NA,NA,NA
"GWK47_039428",-0.0713088312717376,0.0713088312717376,"PC2",NA,"hypothetical protein","KAG0725022.1",NA,NA,NA,NA,NA,NA,NA
"GWK47_039428",-0.0713088312717376,0.0713088312717376,"PC2",NA,"hypothetical protein","KAG0725021.1",NA,NA,NA,NA,NA,NA,NA
"GWK47_002621",-0.0701423430833535,0.0701423430833535,"PC2",NA,"hypothetical protein","KAG0709983.1",NA,NA,NA,NA,NA,NA,NA
"GWK47_035115",0.0623513384553629,0.0623513384553629,"PC2",NA,"hypothetical protein","KAG0727205.1","GO:0042302",NA,NA,NA,NA,NA,NA
"GWK47_016794",0.0622914852825761,0.0622914852825761,"PC2",NA,"hypothetical protein","KAG0713179.1",NA,NA,NA,NA,NA,NA,NA
"GWK47_024287",-0.0620145756864697,0.0620145756864697,"PC2",NA,"hypothetical protein","KAG0706840.1",NA,NA,NA,NA,NA,NA,NA
"GWK47_022009",0.0604678025327158,0.0604678025327158,"PC2","Leng9","Leukocyte receptor cluster member 9","KAG0710823.1","GO:0046872","Q8BTN6","LENG9","MOUSE",45.9,157,4.3e-33
"GWK47_047904",0.0600757015403166,0.0600757015403166,"PC2",NA,"hypothetical protein","KAG0720717.1",NA,NA,NA,NA,NA,NA,NA
"GWK47_053415",0.0569142132335547,0.0569142132335547,"PC2","doxa-1","Dual oxidase maturation factor 1","KAG0717953.1","GO:0005789","Q1HG43","DOXA1","HUMAN",36.2,221,1.79e-27
"GWK47_053415",0.0569142132335547,0.0569142132335547,"PC2","doxa-1","Dual oxidase maturation factor 1","KAG0717953.1","GO:0015031","Q1HG43","DOXA1","HUMAN",36.2,221,1.79e-27
"GWK47_053415",0.0569142132335547,0.0569142132335547,"PC2","doxa-1","Dual oxidase maturation factor 1","KAG0717953.1","GO:0016021","Q1HG43","DOXA1","HUMAN",36.2,221,1.79e-27
"GWK47_015055",-0.0557749109656988,0.0557749109656988,"PC2","ALF_2","Anti-lipopolysaccharide factor","KAG0713957.1",NA,"C0KJQ4","ALPS","PORTR",43,79,4.83e-25
"GWK47_030456",0.0554196720972669,0.0554196720972669,"PC2","EST6_2","Venom carboxylesterase-6","KAG0729375.1",NA,"B2D0J5","EST6","APIME",25.4,464,4.92e-33
"GWK47_043555",0.0552707374946005,0.0552707374946005,"PC2",NA,"hypothetical protein","KAG0722949.1","GO:0003824","H9J9M0","CDA1","BOMMO",37.8,431,1.16e-82
"GWK47_043555",0.0552707374946005,0.0552707374946005,"PC2",NA,"hypothetical protein","KAG0722949.1","GO:0005576","H9J9M0","CDA1","BOMMO",37.8,431,1.16e-82
"GWK47_043555",0.0552707374946005,0.0552707374946005,"PC2",NA,"hypothetical protein","KAG0722949.1","GO:0005975","H9J9M0","CDA1","BOMMO",37.8,431,1.16e-82
"GWK47_043555",0.0552707374946005,0.0552707374946005,"PC2",NA,"hypothetical protein","KAG0722949.1","GO:0006030","H9J9M0","CDA1","BOMMO",37.8,431,1.16e-82
"GWK47_043555",0.0552707374946005,0.0552707374946005,"PC2",NA,"hypothetical protein","KAG0722949.1","GO:0008061","H9J9M0","CDA1","BOMMO",37.8,431,1.16e-82
"GWK47_051099",-0.0539094839112014,0.0539094839112014,"PC2","CPB1","Carboxypeptidase B","KAG0719146.1","GO:0004181","P00732","CBPB1","BOVIN",45.8,107,4.61e-21
"GWK47_051099",-0.0539094839112014,0.0539094839112014,"PC2","CPB1","Carboxypeptidase B","KAG0719146.1","GO:0006508","P00732","CBPB1","BOVIN",45.8,107,4.61e-21
"GWK47_051099",-0.0539094839112014,0.0539094839112014,"PC2","CPB1","Carboxypeptidase B","KAG0719146.1","GO:0008270","P00732","CBPB1","BOVIN",45.8,107,4.61e-21
"GWK47_044097",-0.0539008860304325,0.0539008860304325,"PC2",NA,"Protein ALP1-like","KAG0722671.1",NA,"Q9M2U3","ALPL","ARATH",24.7,312,2.24e-17
"GWK47_022413",-0.0535904192753103,0.0535904192753103,"PC2",NA,"hypothetical protein","KAG0710612.1","GO:0005576",NA,NA,NA,NA,NA,NA
"GWK47_022413",-0.0535904192753103,0.0535904192753103,"PC2",NA,"hypothetical protein","KAG0710612.1","GO:0006030",NA,NA,NA,NA,NA,NA
"GWK47_022413",-0.0535904192753103,0.0535904192753103,"PC2",NA,"hypothetical protein","KAG0710612.1","GO:0008061",NA,NA,NA,NA,NA,NA
"GWK47_029635",-0.0534138767134976,0.0534138767134976,"PC2","Cpm_3","Carboxypeptidase M","KAG0729785.1","GO:0004181","Q80V42","CBPM","MOUSE",50.1,363,1.35e-122
"GWK47_029635",-0.0534138767134976,0.0534138767134976,"PC2","Cpm_3","Carboxypeptidase M","KAG0729785.1","GO:0006508","Q80V42","CBPM","MOUSE",50.1,363,1.35e-122
"GWK47_029635",-0.0534138767134976,0.0534138767134976,"PC2","Cpm_3","Carboxypeptidase M","KAG0729785.1","GO:0008270","Q80V42","CBPM","MOUSE",50.1,363,1.35e-122
"GWK47_029635",-0.0534138767134976,0.0534138767134976,"PC2","Cpm_3","Carboxypeptidase M","KAG0729787.1","GO:0004181","Q80V42","CBPM","MOUSE",50.1,363,3.94e-122
"GWK47_029635",-0.0534138767134976,0.0534138767134976,"PC2","Cpm_3","Carboxypeptidase M","KAG0729787.1","GO:0006508","Q80V42","CBPM","MOUSE",50.1,363,3.94e-122
"GWK47_029635",-0.0534138767134976,0.0534138767134976,"PC2","Cpm_3","Carboxypeptidase M","KAG0729787.1","GO:0008270","Q80V42","CBPM","MOUSE",50.1,363,3.94e-122
"GWK47_029635",-0.0534138767134976,0.0534138767134976,"PC2","Cpm_3","Carboxypeptidase M","KAG0729786.1","GO:0004181","Q80V42","CBPM","MOUSE",50.1,363,1.79e-122
"GWK47_029635",-0.0534138767134976,0.0534138767134976,"PC2","Cpm_3","Carboxypeptidase M","KAG0729786.1","GO:0006508","Q80V42","CBPM","MOUSE",50.1,363,1.79e-122
"GWK47_029635",-0.0534138767134976,0.0534138767134976,"PC2","Cpm_3","Carboxypeptidase M","KAG0729786.1","GO:0008270","Q80V42","CBPM","MOUSE",50.1,363,1.79e-122
"GWK47_029635",-0.0534138767134976,0.0534138767134976,"PC2","Cpm_3","Carboxypeptidase M","KAG0729784.1","GO:0004181","Q80V42","CBPM","MOUSE",50.1,363,5.21e-122
"GWK47_029635",-0.0534138767134976,0.0534138767134976,"PC2","Cpm_3","Carboxypeptidase M","KAG0729784.1","GO:0006508","Q80V42","CBPM","MOUSE",50.1,363,5.21e-122
"GWK47_029635",-0.0534138767134976,0.0534138767134976,"PC2","Cpm_3","Carboxypeptidase M","KAG0729784.1","GO:0008270","Q80V42","CBPM","MOUSE",50.1,363,5.21e-122
"GWK47_050744",-0.052407006841234,0.052407006841234,"PC2","ovo","Transcriptional regulator ovo","KAG0719324.1","GO:0003676","P51521","OVO","DROME",85.9,149,8.69e-41
"GWK47_044956",-0.0511386391437757,0.0511386391437757,"PC2",NA,"hypothetical protein","KAG0722200.1",NA,NA,NA,NA,NA,NA,NA
"GWK47_013481",-0.0511326749289686,0.0511326749289686,"PC2","LEC1","C-type lectin","KAG0714775.1",NA,"C6JUN9","LEC1","MICCO",34.4,128,5.53e-20
"GWK47_018395",-0.0508279183389686,0.0508279183389686,"PC2","MRC1_0","Macrophage mannose receptor 1","KAG0712468.1",NA,"Q9UBG0","MRC2","HUMAN",28.1,295,6.12e-30
"GWK47_035746",-0.0507627473497264,0.0507627473497264,"PC2",NA,"hypothetical protein","KAG0726866.1",NA,NA,NA,NA,NA,NA,NA
"GWK47_012393",-0.0506525476197331,0.0506525476197331,"PC2","mas","Protein masquerade","KAG0715248.1","GO:0004252","Q9VZH2","MAS","DROME",86.7,249,1.85e-152
"GWK47_012393",-0.0506525476197331,0.0506525476197331,"PC2","mas","Protein masquerade","KAG0715248.1","GO:0006508","Q9VZH2","MAS","DROME",86.7,249,1.85e-152
"GWK47_005843",-0.0497135308324478,0.0497135308324478,"PC2","Ldlrad3","Low-density lipoprotein receptor class A domain-containing protein 3","KAG0722784.1","GO:0005515",NA,NA,NA,NA,NA,NA
"GWK47_028697",-0.0491292571530487,0.0491292571530487,"PC2","Nep2_0","Neprilysin-2","KAG0730217.1","GO:0004222","A0A0B4K692","NEP2","DROME",52.1,472,1.04e-175
"GWK47_028697",-0.0491292571530487,0.0491292571530487,"PC2","Nep2_0","Neprilysin-2","KAG0730217.1","GO:0006508","A0A0B4K692","NEP2","DROME",52.1,472,1.04e-175
"GWK47_028697",-0.0491292571530487,0.0491292571530487,"PC2","Nep2_0","Neprilysin-2","KAG0730217.1","GO:0008237","A0A0B4K692","NEP2","DROME",52.1,472,1.04e-175
"GWK47_004076",-0.0490884105910822,0.0490884105910822,"PC2",NA,"hypothetical protein","KAG0727040.1","GO:0005515",NA,NA,NA,NA,NA,NA
"GWK47_004076",-0.0490884105910822,0.0490884105910822,"PC2",NA,"hypothetical protein","KAG0727039.1","GO:0005515",NA,NA,NA,NA,NA,NA
"GWK47_037408",-0.0490657965579061,0.0490657965579061,"PC2","ANPEP_2","Aminopeptidase Ey","KAG0726038.1",NA,"O57579","AMPN","CHICK",36,178,2.21e-38
"GWK47_035275",0.0489352301457361,0.0489352301457361,"PC2",NA,"hypothetical protein","KAG0727142.1",NA,NA,NA,NA,NA,NA,NA
"GWK47_041224",0.0487764359137545,0.0487764359137545,"PC2",NA,"hypothetical protein","KAG0724154.1",NA,NA,NA,NA,NA,NA,NA
"GWK47_025690",-0.0485726362876951,0.0485726362876951,"PC2","Malrd1_2","MAM and LDL-receptor class A domain-containing protein 1","KAG0700094.1","GO:0003824","H9J9M0","CDA1","BOMMO",45.9,479,6.21e-147
"GWK47_025690",-0.0485726362876951,0.0485726362876951,"PC2","Malrd1_2","MAM and LDL-receptor class A domain-containing protein 1","KAG0700094.1","GO:0005515","H9J9M0","CDA1","BOMMO",45.9,479,6.21e-147
"GWK47_025690",-0.0485726362876951,0.0485726362876951,"PC2","Malrd1_2","MAM and LDL-receptor class A domain-containing protein 1","KAG0700094.1","GO:0005576","H9J9M0","CDA1","BOMMO",45.9,479,6.21e-147
"GWK47_025690",-0.0485726362876951,0.0485726362876951,"PC2","Malrd1_2","MAM and LDL-receptor class A domain-containing protein 1","KAG0700094.1","GO:0005975","H9J9M0","CDA1","BOMMO",45.9,479,6.21e-147
"GWK47_025690",-0.0485726362876951,0.0485726362876951,"PC2","Malrd1_2","MAM and LDL-receptor class A domain-containing protein 1","KAG0700094.1","GO:0006030","H9J9M0","CDA1","BOMMO",45.9,479,6.21e-147
"GWK47_025690",-0.0485726362876951,0.0485726362876951,"PC2","Malrd1_2","MAM and LDL-receptor class A domain-containing protein 1","KAG0700094.1","GO:0008061","H9J9M0","CDA1","BOMMO",45.9,479,6.21e-147
"GWK47_034065",-0.0484476495215598,0.0484476495215598,"PC2",NA,"hypothetical protein","KAG0727725.1","GO:0005515",NA,NA,NA,NA,NA,NA
"GWK47_043407",-0.0482336767975183,0.0482336767975183,"PC2",NA,"hypothetical protein","KAG0723027.1",NA,NA,NA,NA,NA,NA,NA
"GWK47_039556",0.047961592021943,0.047961592021943,"PC2",NA,"hypothetical protein","KAG0724936.1",NA,NA,NA,NA,NA,NA,NA
"GWK47_016603",-0.0478924686012671,0.0478924686012671,"PC2",NA,"hypothetical protein","KAG0713252.1",NA,NA,NA,NA,NA,NA,NA
"GWK47_006061",-0.047741848948459,0.047741848948459,"PC2","LRP1_1","Prolow-density lipoprotein receptor-related protein 1","KAG0722392.1","GO:0005515",NA,NA,NA,NA,NA,NA
"GWK47_041632",0.0476803331426637,0.0476803331426637,"PC2","DPGN_1","Serine protease inhibitor dipetalogastin","KAG0723955.1","GO:0005515","O00468","AGRIN","HUMAN",31.4,401,2.65e-35
"GWK47_018134",-0.0472653707948599,0.0472653707948599,"PC2","Phm","Peptidylglycine alpha-hydroxylating monooxygenase","KAG0712602.1","GO:0003824","O01404","PHM","DROME",60.9,151,1.7e-60
"GWK47_018134",-0.0472653707948599,0.0472653707948599,"PC2","Phm","Peptidylglycine alpha-hydroxylating monooxygenase","KAG0712602.1","GO:0004497","O01404","PHM","DROME",60.9,151,1.7e-60
"GWK47_018134",-0.0472653707948599,0.0472653707948599,"PC2","Phm","Peptidylglycine alpha-hydroxylating monooxygenase","KAG0712602.1","GO:0005507","O01404","PHM","DROME",60.9,151,1.7e-60
"GWK47_018134",-0.0472653707948599,0.0472653707948599,"PC2","Phm","Peptidylglycine alpha-hydroxylating monooxygenase","KAG0712602.1","GO:0016715","O01404","PHM","DROME",60.9,151,1.7e-60
"GWK47_018134",-0.0472653707948599,0.0472653707948599,"PC2","Phm","Peptidylglycine alpha-hydroxylating monooxygenase","KAG0712602.1","GO:0055114","O01404","PHM","DROME",60.9,151,1.7e-60
"GWK47_049614",0.0471895143527518,0.0471895143527518,"PC2",NA,"hypothetical protein","KAG0719883.1",NA,NA,NA,NA,NA,NA,NA
"GWK47_039354",-0.0469372818328817,0.0469372818328817,"PC2",NA,"Proton channel OtopLc","KAG0725053.1",NA,"B7Z0W9","OTOP","DROME",45.4,97,2.49e-23
"GWK47_028696",-0.0458354104912971,0.0458354104912971,"PC2","Nep2_1","Neprilysin-2","KAG0730216.1","GO:0006508","A0A0B4K692","NEP2","DROME",43,223,5.8e-54
"GWK47_028696",-0.0458354104912971,0.0458354104912971,"PC2","Nep2_1","Neprilysin-2","KAG0730216.1","GO:0008237","A0A0B4K692","NEP2","DROME",43,223,5.8e-54
"GWK47_014687",0.0454826493463892,0.0454826493463892,"PC2","Bbox1_2","Gamma-butyrobetaine dioxygenase","KAG0714161.1","GO:0016491","Q9QZU7","BODG","RAT",32.9,383,7.82e-66
"GWK47_014687",0.0454826493463892,0.0454826493463892,"PC2","Bbox1_2","Gamma-butyrobetaine dioxygenase","KAG0714161.1","GO:0055114","Q9QZU7","BODG","RAT",32.9,383,7.82e-66
"GWK47_024010",0.0453424313311144,0.0453424313311144,"PC2",NA,"hypothetical protein","KAG0708482.1","GO:0003824","H9J9M0","CDA1","BOMMO",47.2,489,7.46e-158
"GWK47_024010",0.0453424313311144,0.0453424313311144,"PC2",NA,"hypothetical protein","KAG0708482.1","GO:0005515","H9J9M0","CDA1","BOMMO",47.2,489,7.46e-158
"GWK47_024010",0.0453424313311144,0.0453424313311144,"PC2",NA,"hypothetical protein","KAG0708482.1","GO:0005576","H9J9M0","CDA1","BOMMO",47.2,489,7.46e-158
"GWK47_024010",0.0453424313311144,0.0453424313311144,"PC2",NA,"hypothetical protein","KAG0708482.1","GO:0005975","H9J9M0","CDA1","BOMMO",47.2,489,7.46e-158
"GWK47_024010",0.0453424313311144,0.0453424313311144,"PC2",NA,"hypothetical protein","KAG0708482.1","GO:0006030","H9J9M0","CDA1","BOMMO",47.2,489,7.46e-158
"GWK47_024010",0.0453424313311144,0.0453424313311144,"PC2",NA,"hypothetical protein","KAG0708482.1","GO:0008061","H9J9M0","CDA1","BOMMO",47.2,489,7.46e-158
"GWK47_006188",0.0440808234610404,0.0440808234610404,"PC2","Mknk1","MAP kinase-interacting serine/threonine-protein kinase 1","KAG0721862.1","GO:0004672","Q66I46","MKNK2","XENTR",59.6,371,6.35e-162
"GWK47_006188",0.0440808234610404,0.0440808234610404,"PC2","Mknk1","MAP kinase-interacting serine/threonine-protein kinase 1","KAG0721862.1","GO:0005524","Q66I46","MKNK2","XENTR",59.6,371,6.35e-162
"GWK47_006188",0.0440808234610404,0.0440808234610404,"PC2","Mknk1","MAP kinase-interacting serine/threonine-protein kinase 1","KAG0721862.1","GO:0006468","Q66I46","MKNK2","XENTR",59.6,371,6.35e-162
"GWK47_043346",-0.0437175955142607,0.0437175955142607,"PC2","olpB_2","Cell surface glycoprotein 1","KAG0723060.1","GO:0005515","O18023","IGDB2","CAEEL",20.1,947,3.76e-32
"GWK47_037828",0.0434587296022883,0.0434587296022883,"PC2","REG1B_0","Lithostathine-1-beta","KAG0725821.1",NA,"P48304","REG1B","HUMAN",28.8,139,3.34e-14
"GWK47_043407",-0.101578063511056,0.101578063511056,"PC3",NA,"hypothetical protein","KAG0723027.1",NA,NA,NA,NA,NA,NA,NA
"GWK47_004077",0.0878349403976198,0.0878349403976198,"PC3","Ttn_1","Titin","KAG0727041.1","GO:0005515",NA,NA,NA,NA,NA,NA
"GWK47_004077",0.0878349403976198,0.0878349403976198,"PC3","Ttn_1","Titin","KAG0727042.1","GO:0005515",NA,NA,NA,NA,NA,NA
"GWK47_004076",0.0683714736631629,0.0683714736631629,"PC3",NA,"hypothetical protein","KAG0727040.1","GO:0005515",NA,NA,NA,NA,NA,NA
"GWK47_004076",0.0683714736631629,0.0683714736631629,"PC3",NA,"hypothetical protein","KAG0727039.1","GO:0005515",NA,NA,NA,NA,NA,NA
"GWK47_022355",0.0667336511466135,0.0667336511466135,"PC3","Pnliprp1_0","Inactive pancreatic lipase-related protein 1","KAG0710654.1","GO:0006629","Q5BKQ4","LIPR1","MOUSE",35.2,310,1.14e-42
"GWK47_022355",0.0667336511466135,0.0667336511466135,"PC3","Pnliprp1_0","Inactive pancreatic lipase-related protein 1","KAG0710654.1","GO:0052689","Q5BKQ4","LIPR1","MOUSE",35.2,310,1.14e-42
"GWK47_024010",-0.0663508829464151,0.0663508829464151,"PC3",NA,"hypothetical protein","KAG0708482.1","GO:0003824","H9J9M0","CDA1","BOMMO",47.2,489,7.46e-158
"GWK47_024010",-0.0663508829464151,0.0663508829464151,"PC3",NA,"hypothetical protein","KAG0708482.1","GO:0005515","H9J9M0","CDA1","BOMMO",47.2,489,7.46e-158
"GWK47_024010",-0.0663508829464151,0.0663508829464151,"PC3",NA,"hypothetical protein","KAG0708482.1","GO:0005576","H9J9M0","CDA1","BOMMO",47.2,489,7.46e-158
"GWK47_024010",-0.0663508829464151,0.0663508829464151,"PC3",NA,"hypothetical protein","KAG0708482.1","GO:0005975","H9J9M0","CDA1","BOMMO",47.2,489,7.46e-158
"GWK47_024010",-0.0663508829464151,0.0663508829464151,"PC3",NA,"hypothetical protein","KAG0708482.1","GO:0006030","H9J9M0","CDA1","BOMMO",47.2,489,7.46e-158
"GWK47_024010",-0.0663508829464151,0.0663508829464151,"PC3",NA,"hypothetical protein","KAG0708482.1","GO:0008061","H9J9M0","CDA1","BOMMO",47.2,489,7.46e-158
"GWK47_048488",0.0644491037356059,0.0644491037356059,"PC3",NA,"hypothetical protein","KAG0720453.1",NA,NA,NA,NA,NA,NA,NA
"GWK47_025137",-0.0590297951005256,0.0590297951005256,"PC3","obst-E_2","Protein obstructor-E","KAG0702295.1","GO:0005576","Q9VMM6","OBSTE","DROME",32.2,183,1.74e-21
"GWK47_025137",-0.0590297951005256,0.0590297951005256,"PC3","obst-E_2","Protein obstructor-E","KAG0702295.1","GO:0006030","Q9VMM6","OBSTE","DROME",32.2,183,1.74e-21
"GWK47_025137",-0.0590297951005256,0.0590297951005256,"PC3","obst-E_2","Protein obstructor-E","KAG0702295.1","GO:0008061","Q9VMM6","OBSTE","DROME",32.2,183,1.74e-21
"GWK47_018395",-0.0584539825901483,0.0584539825901483,"PC3","MRC1_0","Macrophage mannose receptor 1","KAG0712468.1",NA,"Q9UBG0","MRC2","HUMAN",28.1,295,6.12e-30
"GWK47_054023",0.0543521546465692,0.0543521546465692,"PC3","bhmt_1","Betaine--homocysteine S-methyltransferase 1","KAG0717646.1","GO:0008270","Q5XGM3","BHMT1","XENLA",55.8,292,2.54e-115
"GWK47_054023",0.0543521546465692,0.0543521546465692,"PC3","bhmt_1","Betaine--homocysteine S-methyltransferase 1","KAG0717646.1","GO:0009086","Q5XGM3","BHMT1","XENLA",55.8,292,2.54e-115
"GWK47_054023",0.0543521546465692,0.0543521546465692,"PC3","bhmt_1","Betaine--homocysteine S-methyltransferase 1","KAG0717646.1","GO:0047150","Q5XGM3","BHMT1","XENLA",55.8,292,2.54e-115
"GWK47_002621",0.0516486882134813,0.0516486882134813,"PC3",NA,"hypothetical protein","KAG0709983.1",NA,NA,NA,NA,NA,NA,NA
"GWK47_053415",-0.0507828490711667,0.0507828490711667,"PC3","doxa-1","Dual oxidase maturation factor 1","KAG0717953.1","GO:0005789","Q1HG43","DOXA1","HUMAN",36.2,221,1.79e-27
"GWK47_053415",-0.0507828490711667,0.0507828490711667,"PC3","doxa-1","Dual oxidase maturation factor 1","KAG0717953.1","GO:0015031","Q1HG43","DOXA1","HUMAN",36.2,221,1.79e-27
"GWK47_053415",-0.0507828490711667,0.0507828490711667,"PC3","doxa-1","Dual oxidase maturation factor 1","KAG0717953.1","GO:0016021","Q1HG43","DOXA1","HUMAN",36.2,221,1.79e-27
"GWK47_021140",-0.0495026888020043,0.0495026888020043,"PC3",NA,"hypothetical protein","KAG0711189.1",NA,NA,NA,NA,NA,NA,NA
"GWK47_032395",0.0493457116720564,0.0493457116720564,"PC3","HSP7D","Heat shock protein cognate 4","KAG0728470.1",NA,"Q9U639","HSP7D","MANSE",78.2,651,0
"GWK47_048439",0.0490917768218358,0.0490917768218358,"PC3","nas-4_1","Zinc metalloproteinase nas-4","KAG0720478.1","GO:0004222","P55112","NAS4","CAEEL",34.8,227,4.6e-41
"GWK47_048439",0.0490917768218358,0.0490917768218358,"PC3","nas-4_1","Zinc metalloproteinase nas-4","KAG0720478.1","GO:0006508","P55112","NAS4","CAEEL",34.8,227,4.6e-41
"GWK47_048439",0.0490917768218358,0.0490917768218358,"PC3","nas-4_1","Zinc metalloproteinase nas-4","KAG0720478.1","GO:0008237","P55112","NAS4","CAEEL",34.8,227,4.6e-41
"GWK47_048439",0.0490917768218358,0.0490917768218358,"PC3","nas-4_1","Zinc metalloproteinase nas-4","KAG0720478.1","GO:0008270","P55112","NAS4","CAEEL",34.8,227,4.6e-41
"GWK47_001137",0.0486720902112495,0.0486720902112495,"PC3","GstD7_1","Glutathione S-transferase D7","KAG0716066.1","GO:0005515","O76483","GSTT7","ANOGA",40.7,221,8.2e-47
"GWK47_001137",0.0486720902112495,0.0486720902112495,"PC3","GstD7_1","Glutathione S-transferase D7","KAG0716067.1","GO:0005515","O76483","GSTT7","ANOGA",40.7,221,8.2e-47
"GWK47_016850",0.0484236085984603,0.0484236085984603,"PC3","Gxylt2","Glucoside xylosyltransferase 2","KAG0713148.1","GO:0016757","Q810K9","GXLT2","MOUSE",33.2,289,7.86e-43
"GWK47_032196",0.04818016767589,0.04818016767589,"PC3","PLGRKT_0","Plasminogen receptor (KT)","KAG0728577.1","GO:0005887","Q9HBL7","PLRKT","HUMAN",41.3,92,2.65e-15
"GWK47_032196",0.04818016767589,0.04818016767589,"PC3","PLGRKT_0","Plasminogen receptor (KT)","KAG0728577.1","GO:0010756","Q9HBL7","PLRKT","HUMAN",41.3,92,2.65e-15
"GWK47_027303",0.0481648588992369,0.0481648588992369,"PC3","l(2)efl_1","Protein lethal(2)essential for life","KAG0694040.1",NA,"P82147","L2EFL","DROME",33.8,130,1.07e-12
"GWK47_047904",-0.0480315578640897,0.0480315578640897,"PC3",NA,"hypothetical protein","KAG0720717.1",NA,NA,NA,NA,NA,NA,NA
"GWK47_043943",0.0477119496776065,0.0477119496776065,"PC3","ACT_2","actin","KAG0722745.1",NA,"P45521","ACT","PROCL",77.4,257,6.4e-153
"GWK47_048489",0.0475870927604367,0.0475870927604367,"PC3",NA,"hypothetical protein","KAG0720454.1",NA,NA,NA,NA,NA,NA,NA
"GWK47_004697",0.0469585985595819,0.0469585985595819,"PC3","Hsp22_1","Heat shock protein 22","KAG0725432.1",NA,"P02515","HSP22","DROME",46.8,77,5.92e-11
"GWK47_026680",-0.0469075401450604,0.0469075401450604,"PC3",NA,"hypothetical protein","KAG0695963.1",NA,NA,NA,NA,NA,NA,NA
"GWK47_040824",-0.0468663850709165,0.0468663850709165,"PC3",NA,"hypothetical protein","KAG0724317.1",NA,NA,NA,NA,NA,NA,NA
"GWK47_021142",-0.0463004879771841,0.0463004879771841,"PC3",NA,"hypothetical protein","KAG0711190.1",NA,NA,NA,NA,NA,NA,NA
"GWK47_008568",-0.0458317903493657,0.0458317903493657,"PC3","POMGNT1","Protein O-linked-mannose beta-1,2-N-acetylglucosaminyltransferase 1","KAG0716899.1","GO:0006486","Q5EAB6","PMGT1","BOVIN",29.1,539,6.27e-43
"GWK47_008568",-0.0458317903493657,0.0458317903493657,"PC3","POMGNT1","Protein O-linked-mannose beta-1,2-N-acetylglucosaminyltransferase 1","KAG0716899.1","GO:0008375","Q5EAB6","PMGT1","BOVIN",29.1,539,6.27e-43
"GWK47_022806",0.0456158077934685,0.0456158077934685,"PC3","Mhc_2","Myosin heavy chain, muscle","KAG0710435.1","GO:0003774","P05661","MYSA","DROME",59.9,1900,0
"GWK47_022806",0.0456158077934685,0.0456158077934685,"PC3","Mhc_2","Myosin heavy chain, muscle","KAG0710435.1","GO:0005515","P05661","MYSA","DROME",59.9,1900,0
"GWK47_022806",0.0456158077934685,0.0456158077934685,"PC3","Mhc_2","Myosin heavy chain, muscle","KAG0710435.1","GO:0005524","P05661","MYSA","DROME",59.9,1900,0
"GWK47_022806",0.0456158077934685,0.0456158077934685,"PC3","Mhc_2","Myosin heavy chain, muscle","KAG0710435.1","GO:0016459","P05661","MYSA","DROME",59.9,1900,0
"GWK47_022806",0.0456158077934685,0.0456158077934685,"PC3","Mhc_2","Myosin heavy chain, muscle","KAG0710435.1","GO:0051015","P05661","MYSA","DROME",59.9,1900,0
"GWK47_055073",-0.0455295904360433,0.0455295904360433,"PC3",NA,"hypothetical protein","KAG0717152.1",NA,NA,NA,NA,NA,NA,NA
"GWK47_029204",0.044663764419919,0.044663764419919,"PC3","hsp90a.1","Heat shock protein HSP 90-alpha 1","KAG0729994.1","GO:0005524","P11501","HS90A","CHICK",77.9,723,0
"GWK47_029204",0.044663764419919,0.044663764419919,"PC3","hsp90a.1","Heat shock protein HSP 90-alpha 1","KAG0729994.1","GO:0006457","P11501","HS90A","CHICK",77.9,723,0
"GWK47_029204",0.044663764419919,0.044663764419919,"PC3","hsp90a.1","Heat shock protein HSP 90-alpha 1","KAG0729994.1","GO:0051082","P11501","HS90A","CHICK",77.9,723,0
"GWK47_022803",0.0444006730131346,0.0444006730131346,"PC3","Mhc_1","Myosin heavy chain, muscle","KAG0710434.1","GO:0003774","P05661","MYSA","DROME",70.1,244,6.72e-113
"GWK47_022803",0.0444006730131346,0.0444006730131346,"PC3","Mhc_1","Myosin heavy chain, muscle","KAG0710434.1","GO:0005524","P05661","MYSA","DROME",70.1,244,6.72e-113
"GWK47_022803",0.0444006730131346,0.0444006730131346,"PC3","Mhc_1","Myosin heavy chain, muscle","KAG0710434.1","GO:0016459","P05661","MYSA","DROME",70.1,244,6.72e-113
"GWK47_039310",0.0443454956013939,0.0443454956013939,"PC3","STEAP4","Metalloreductase STEAP4","KAG0725066.1",NA,"Q687X5","STEA4","HUMAN",40.3,295,1.33e-57
"GWK47_010562",-0.0441562534976578,0.0441562534976578,"PC3",NA,"hypothetical protein","KAG0716026.1",NA,NA,NA,NA,NA,NA,NA
"GWK47_051599",-0.0435950948733856,0.0435950948733856,"PC3",NA,"hypothetical protein","KAG0718890.1",NA,NA,NA,NA,NA,NA,NA
"GWK47_022807",0.0434603286355242,0.0434603286355242,"PC3","Mhc_3","Myosin heavy chain, muscle","KAG0710436.1","GO:0003774","P05661","MYSA","DROME",60.7,858,0
"GWK47_022807",0.0434603286355242,0.0434603286355242,"PC3","Mhc_3","Myosin heavy chain, muscle","KAG0710436.1","GO:0005515","P05661","MYSA","DROME",60.7,858,0
"GWK47_022807",0.0434603286355242,0.0434603286355242,"PC3","Mhc_3","Myosin heavy chain, muscle","KAG0710436.1","GO:0005524","P05661","MYSA","DROME",60.7,858,0
"GWK47_022807",0.0434603286355242,0.0434603286355242,"PC3","Mhc_3","Myosin heavy chain, muscle","KAG0710436.1","GO:0016459","P05661","MYSA","DROME",60.7,858,0
"GWK47_022807",0.0434603286355242,0.0434603286355242,"PC3","Mhc_3","Myosin heavy chain, muscle","KAG0710436.1","GO:0051015","P05661","MYSA","DROME",60.7,858,0
"GWK47_020378",-0.0430048803668666,0.0430048803668666,"PC3","PLDBETA2","Phospholipase D beta 2","KAG0711561.1","GO:0003824","O23078","PLDB2","ARATH",35.8,812,3.9e-148
"GWK47_043942",0.0429028404746392,0.0429028404746392,"PC3","ACT3","Actin-3, muscle-specific","KAG0722744.1",NA,"P18600","ACT1","ARTSX",89.5,257,2.13e-166
"GWK47_022907",0.0427543710036764,0.0427543710036764,"PC3",NA,"hypothetical protein","KAG0710389.1",NA,NA,NA,NA,NA,NA,NA
"GWK47_048516",-0.0426675599613755,0.0426675599613755,"PC3","SLC37A4","Glucose-6-phosphate exchanger SLC37A4","KAG0720442.1","GO:0016021","O43826","G6PT1","HUMAN",30.4,513,3.73e-69
"GWK47_048516",-0.0426675599613755,0.0426675599613755,"PC3","SLC37A4","Glucose-6-phosphate exchanger SLC37A4","KAG0720442.1","GO:0055085","O43826","G6PT1","HUMAN",30.4,513,3.73e-69
"GWK47_032368",0.0426003160795995,0.0426003160795995,"PC3",NA,"hypothetical protein","KAG0728481.1",NA,NA,NA,NA,NA,NA,NA
"GWK47_013481",-0.0424431791543254,0.0424431791543254,"PC3","LEC1","C-type lectin","KAG0714775.1",NA,"C6JUN9","LEC1","MICCO",34.4,128,5.53e-20
"GWK47_042066",0.042042377362776,0.042042377362776,"PC3",NA,"hypothetical protein","KAG0723723.1",NA,NA,NA,NA,NA,NA,NA
"GWK47_024326",0.0417310619996221,0.0417310619996221,"PC3","TNNC","Troponin C","KAG0706563.1","GO:0005509","P06708","TNNC2","ASTLP",56.1,139,1.25e-47
"GWK47_028242",0.041527161551435,0.041527161551435,"PC3",NA,"hypothetical protein","KAG0730448.1",NA,NA,NA,NA,NA,NA,NA
"GWK47_023556",0.0410573095556605,0.0410573095556605,"PC3",NA,"hypothetical protein","KAG0710070.1",NA,NA,NA,NA,NA,NA,NA
"GWK47_024287",-0.0409713058237307,0.0409713058237307,"PC3",NA,"hypothetical protein","KAG0706840.1",NA,NA,NA,NA,NA,NA,NA
"GWK47_054979",-0.0409354786425462,0.0409354786425462,"PC3","Gld_3","Glucose dehydrogenase [FAD, quinone","KAG0717182.1","GO:0016614","P18173","DHGL","DROME",39.7,527,1.4e-104
"GWK47_054979",-0.0409354786425462,0.0409354786425462,"PC3","Gld_3","Glucose dehydrogenase [FAD, quinone","KAG0717182.1","GO:0050660","P18173","DHGL","DROME",39.7,527,1.4e-104
"GWK47_054979",-0.0409354786425462,0.0409354786425462,"PC3","Gld_3","Glucose dehydrogenase [FAD, quinone","KAG0717182.1","GO:0055114","P18173","DHGL","DROME",39.7,527,1.4e-104
"GWK47_031733",0.0406058131883152,0.0406058131883152,"PC3","ANPEP_1","Endoplasmic reticulum aminopeptidase 1","KAG0728779.1","GO:0006508","Q9JJ22","ERAP1","RAT",40.9,274,7.58e-59
"GWK47_031733",0.0406058131883152,0.0406058131883152,"PC3","ANPEP_1","Endoplasmic reticulum aminopeptidase 1","KAG0728779.1","GO:0008237","Q9JJ22","ERAP1","RAT",40.9,274,7.58e-59
"GWK47_031733",0.0406058131883152,0.0406058131883152,"PC3","ANPEP_1","Endoplasmic reticulum aminopeptidase 1","KAG0728779.1","GO:0008270","Q9JJ22","ERAP1","RAT",40.9,274,7.58e-59
"GWK47_031733",0.0406058131883152,0.0406058131883152,"PC3","ANPEP_1","Endoplasmic reticulum aminopeptidase 1","KAG0728778.1","GO:0006508","P15144","AMPN","HUMAN",41,575,9.98e-133
"GWK47_031733",0.0406058131883152,0.0406058131883152,"PC3","ANPEP_1","Endoplasmic reticulum aminopeptidase 1","KAG0728778.1","GO:0008237","P15144","AMPN","HUMAN",41,575,9.98e-133
"GWK47_031733",0.0406058131883152,0.0406058131883152,"PC3","ANPEP_1","Endoplasmic reticulum aminopeptidase 1","KAG0728778.1","GO:0008270","P15144","AMPN","HUMAN",41,575,9.98e-133
"GWK47_037408",0.0402811578266831,0.0402811578266831,"PC3","ANPEP_2","Aminopeptidase Ey","KAG0726038.1",NA,"O57579","AMPN","CHICK",36,178,2.21e-38
"GWK47_042067",0.0397641968695382,0.0397641968695382,"PC3",NA,"hypothetical protein","KAG0723724.1",NA,NA,NA,NA,NA,NA,NA
"GWK47_013075",0.0395967211895638,0.0395967211895638,"PC3",NA,"hypothetical protein","KAG0714950.1",NA,NA,NA,NA,NA,NA,NA
