"gene","loading","sign","PC","gene_name","protein","protein_id","GO","spid","gene_uni","species","pident","length","evalue"
"GWK47_034327",0.0702162620083337,"positive","PC1","Ank1","Ankyrin-1","KAG0727572.1","GO:0005515","Q9P2R3","ANFY1","HUMAN",30.6,248,7.7e-12
"GWK47_037457",0.0691882535273025,"positive","PC1","Slc18b1_0","MFS-type transporter SLC18B1","KAG0726014.1","GO:0005215","D4A9K4","S18B1","RAT",38.3,384,4.01e-79
"GWK47_037457",0.0691882535273025,"positive","PC1","Slc18b1_0","MFS-type transporter SLC18B1","KAG0726014.1","GO:0016021","D4A9K4","S18B1","RAT",38.3,384,4.01e-79
"GWK47_037457",0.0691882535273025,"positive","PC1","Slc18b1_0","MFS-type transporter SLC18B1","KAG0726014.1","GO:0055085","D4A9K4","S18B1","RAT",38.3,384,4.01e-79
"GWK47_037092",0.0685473813260707,"positive","PC1",NA,"hypothetical protein","KAG0726198.1",NA,NA,NA,NA,NA,NA,NA
"GWK47_037093",0.0654113366924371,"positive","PC1",NA,"hypothetical protein","KAG0726199.1",NA,NA,NA,NA,NA,NA,NA
"GWK47_045598",0.0637237119832752,"positive","PC1",NA,"hypothetical protein","KAG0721851.1",NA,NA,NA,NA,NA,NA,NA
"GWK47_045598",0.0637237119832752,"positive","PC1",NA,"hypothetical protein","KAG0721850.1",NA,NA,NA,NA,NA,NA,NA
"GWK47_053713",0.0632480812833214,"positive","PC1","MFSD12_1","Major facilitator superfamily domain-containing protein 12","KAG0717799.1",NA,"A0A3Q2HW92","MFS12","HORSE",36.9,426,8.85e-74
"GWK47_032544",0.0620684423435177,"positive","PC1","SLC15A1","Solute carrier family 15 member 1","KAG0728410.1","GO:0005215","B0S6T2","S15A2","DANRE",42.4,714,4e-166
"GWK47_032544",0.0620684423435177,"positive","PC1","SLC15A1","Solute carrier family 15 member 1","KAG0728410.1","GO:0006857","B0S6T2","S15A2","DANRE",42.4,714,4e-166
"GWK47_032544",0.0620684423435177,"positive","PC1","SLC15A1","Solute carrier family 15 member 1","KAG0728410.1","GO:0016020","B0S6T2","S15A2","DANRE",42.4,714,4e-166
"GWK47_032544",0.0620684423435177,"positive","PC1","SLC15A1","Solute carrier family 15 member 1","KAG0728410.1","GO:0022857","B0S6T2","S15A2","DANRE",42.4,714,4e-166
"GWK47_032544",0.0620684423435177,"positive","PC1","SLC15A1","Solute carrier family 15 member 1","KAG0728410.1","GO:0055085","B0S6T2","S15A2","DANRE",42.4,714,4e-166
"GWK47_048345",0.0607273707698356,"positive","PC1","PNLIPRP2_1","Pancreatic lipase-related protein 2","KAG0720506.1","GO:0006629","P81139","LIPR2","CAVPO",38.2,338,1.1e-65
"GWK47_048345",0.0607273707698356,"positive","PC1","PNLIPRP2_1","Pancreatic lipase-related protein 2","KAG0720506.1","GO:0052689","P81139","LIPR2","CAVPO",38.2,338,1.1e-65
"GWK47_022355",0.0587861122688006,"positive","PC1","Pnliprp1_0","Inactive pancreatic lipase-related protein 1","KAG0710654.1","GO:0006629","Q5BKQ4","LIPR1","MOUSE",35.2,310,1.14e-42
"GWK47_022355",0.0587861122688006,"positive","PC1","Pnliprp1_0","Inactive pancreatic lipase-related protein 1","KAG0710654.1","GO:0052689","Q5BKQ4","LIPR1","MOUSE",35.2,310,1.14e-42
"GWK47_022009",0.0585477333452924,"positive","PC1","Leng9","Leukocyte receptor cluster member 9","KAG0710823.1","GO:0046872","Q8BTN6","LENG9","MOUSE",45.9,157,4.3e-33
"GWK47_014687",0.0565347614593946,"positive","PC1","Bbox1_2","Gamma-butyrobetaine dioxygenase","KAG0714161.1","GO:0016491","Q9QZU7","BODG","RAT",32.9,383,7.82e-66
"GWK47_014687",0.0565347614593946,"positive","PC1","Bbox1_2","Gamma-butyrobetaine dioxygenase","KAG0714161.1","GO:0055114","Q9QZU7","BODG","RAT",32.9,383,7.82e-66
"GWK47_039428",0.0565341548842566,"positive","PC1",NA,"hypothetical protein","KAG0725022.1",NA,NA,NA,NA,NA,NA,NA
"GWK47_039428",0.0565341548842566,"positive","PC1",NA,"hypothetical protein","KAG0725021.1",NA,NA,NA,NA,NA,NA,NA
"GWK47_051099",0.0553645005820166,"positive","PC1","CPB1","Carboxypeptidase B","KAG0719146.1","GO:0004181","P00732","CBPB1","BOVIN",45.8,107,4.61e-21
"GWK47_051099",0.0553645005820166,"positive","PC1","CPB1","Carboxypeptidase B","KAG0719146.1","GO:0006508","P00732","CBPB1","BOVIN",45.8,107,4.61e-21
"GWK47_051099",0.0553645005820166,"positive","PC1","CPB1","Carboxypeptidase B","KAG0719146.1","GO:0008270","P00732","CBPB1","BOVIN",45.8,107,4.61e-21
"GWK47_005561",0.0528153877314634,"positive","PC1",NA,"hypothetical protein","KAG0723303.1",NA,NA,NA,NA,NA,NA,NA
"GWK47_005560",0.0520521670225336,"positive","PC1",NA,"hypothetical protein","KAG0723302.1",NA,NA,NA,NA,NA,NA,NA
"GWK47_015179",0.0506472094455623,"positive","PC1",NA,"hypothetical protein","KAG0713905.1",NA,NA,NA,NA,NA,NA,NA
"GWK47_022413",0.0506051909537027,"positive","PC1",NA,"hypothetical protein","KAG0710612.1","GO:0005576",NA,NA,NA,NA,NA,NA
"GWK47_022413",0.0506051909537027,"positive","PC1",NA,"hypothetical protein","KAG0710612.1","GO:0006030",NA,NA,NA,NA,NA,NA
"GWK47_022413",0.0506051909537027,"positive","PC1",NA,"hypothetical protein","KAG0710612.1","GO:0008061",NA,NA,NA,NA,NA,NA
"GWK47_023919",0.0503150714327374,"positive","PC1","IRF8","Interferon regulatory factor 8","KAG0709122.1","GO:0044212",NA,NA,NA,NA,NA,NA
"GWK47_036704",0.0495572217779459,"positive","PC1","PCK2","Phosphoenolpyruvate carboxykinase [GTP","KAG0726385.1","GO:0004611","Q16822","PCKGM","HUMAN",68.9,614,0
"GWK47_036704",0.0495572217779459,"positive","PC1","PCK2","Phosphoenolpyruvate carboxykinase [GTP","KAG0726385.1","GO:0004613","Q16822","PCKGM","HUMAN",68.9,614,0
"GWK47_036704",0.0495572217779459,"positive","PC1","PCK2","Phosphoenolpyruvate carboxykinase [GTP","KAG0726385.1","GO:0005525","Q16822","PCKGM","HUMAN",68.9,614,0
"GWK47_036704",0.0495572217779459,"positive","PC1","PCK2","Phosphoenolpyruvate carboxykinase [GTP","KAG0726385.1","GO:0006094","Q16822","PCKGM","HUMAN",68.9,614,0
"GWK47_036704",0.0495572217779459,"positive","PC1","PCK2","Phosphoenolpyruvate carboxykinase [GTP","KAG0726385.1","GO:0017076","Q16822","PCKGM","HUMAN",68.9,614,0
"GWK47_006188",0.0485193604010003,"positive","PC1","Mknk1","MAP kinase-interacting serine/threonine-protein kinase 1","KAG0721862.1","GO:0004672","Q66I46","MKNK2","XENTR",59.6,371,6.35e-162
"GWK47_006188",0.0485193604010003,"positive","PC1","Mknk1","MAP kinase-interacting serine/threonine-protein kinase 1","KAG0721862.1","GO:0005524","Q66I46","MKNK2","XENTR",59.6,371,6.35e-162
"GWK47_006188",0.0485193604010003,"positive","PC1","Mknk1","MAP kinase-interacting serine/threonine-protein kinase 1","KAG0721862.1","GO:0006468","Q66I46","MKNK2","XENTR",59.6,371,6.35e-162
"GWK47_019251",0.0467595756587996,"positive","PC1","MUCB1","Integumentary mucin B.1","KAG0712061.1",NA,NA,NA,NA,NA,NA,NA
"GWK47_046142",0.0467102193845643,"positive","PC1","Diap2_3","Death-associated inhibitor of apoptosis 2","KAG0721607.1",NA,"A9JTP3","BIRC7","XENTR",29.2,424,1.67e-41
"GWK47_046142",0.0467102193845643,"positive","PC1","Diap2_3","Death-associated inhibitor of apoptosis 2","KAG0721610.1",NA,"A9JTP3","BIRC7","XENTR",30.2,411,2.79e-42
"GWK47_046142",0.0467102193845643,"positive","PC1","Diap2_3","Death-associated inhibitor of apoptosis 2","KAG0721608.1",NA,"A9JTP3","BIRC7","XENTR",29.2,424,6.02e-42
"GWK47_046142",0.0467102193845643,"positive","PC1","Diap2_3","Death-associated inhibitor of apoptosis 2","KAG0721609.1",NA,"A9JTP3","BIRC7","XENTR",30.2,411,9.42e-43
"GWK47_031369",0.0458174295562258,"positive","PC1","pim3_1","Serine/threonine-protein kinase pim-3","KAG0728949.1","GO:0004672","Q91822","PIM3","XENLA",55.3,275,8.82e-103
"GWK47_031369",0.0458174295562258,"positive","PC1","pim3_1","Serine/threonine-protein kinase pim-3","KAG0728949.1","GO:0005524","Q91822","PIM3","XENLA",55.3,275,8.82e-103
"GWK47_031369",0.0458174295562258,"positive","PC1","pim3_1","Serine/threonine-protein kinase pim-3","KAG0728949.1","GO:0006468","Q91822","PIM3","XENLA",55.3,275,8.82e-103
"GWK47_024287",0.0457309774882885,"positive","PC1",NA,"hypothetical protein","KAG0706840.1",NA,NA,NA,NA,NA,NA,NA
"GWK47_022732",0.0447248436483946,"positive","PC1","CREBL2","cAMP-responsive element-binding protein-like 2","KAG0710458.1","GO:0003700","Q0VD32","CRBL2","BOVIN",61.1,90,5.05e-27
"GWK47_022732",0.0447248436483946,"positive","PC1","CREBL2","cAMP-responsive element-binding protein-like 2","KAG0710458.1","GO:0006355","Q0VD32","CRBL2","BOVIN",61.1,90,5.05e-27
"GWK47_002621",0.0443288410312174,"positive","PC1",NA,"hypothetical protein","KAG0709983.1",NA,NA,NA,NA,NA,NA,NA
"GWK47_006061",0.0437764010776505,"positive","PC1","LRP1_1","Prolow-density lipoprotein receptor-related protein 1","KAG0722392.1","GO:0005515",NA,NA,NA,NA,NA,NA
"GWK47_005062",0.0429296852692174,"positive","PC1",NA,"hypothetical protein","KAG0724465.1",NA,NA,NA,NA,NA,NA,NA
"GWK47_036705",0.0428691107359885,"positive","PC1","Pepck","Phosphoenolpyruvate carboxykinase [GTP","KAG0726386.1","GO:0004611","Q16822","PCKGM","HUMAN",68.6,608,0
"GWK47_036705",0.0428691107359885,"positive","PC1","Pepck","Phosphoenolpyruvate carboxykinase [GTP","KAG0726386.1","GO:0004613","Q16822","PCKGM","HUMAN",68.6,608,0
"GWK47_036705",0.0428691107359885,"positive","PC1","Pepck","Phosphoenolpyruvate carboxykinase [GTP","KAG0726386.1","GO:0005525","Q16822","PCKGM","HUMAN",68.6,608,0
"GWK47_036705",0.0428691107359885,"positive","PC1","Pepck","Phosphoenolpyruvate carboxykinase [GTP","KAG0726386.1","GO:0006094","Q16822","PCKGM","HUMAN",68.6,608,0
"GWK47_036705",0.0428691107359885,"positive","PC1","Pepck","Phosphoenolpyruvate carboxykinase [GTP","KAG0726386.1","GO:0017076","Q16822","PCKGM","HUMAN",68.6,608,0
"GWK47_009678",0.0427648497414221,"positive","PC1","Ets21C","DNA-binding protein D-ETS-6","KAG0716449.1","GO:0003700","P29776","ETS6","DROME",51.6,221,1.33e-60
"GWK47_009678",0.0427648497414221,"positive","PC1","Ets21C","DNA-binding protein D-ETS-6","KAG0716449.1","GO:0005634","P29776","ETS6","DROME",51.6,221,1.33e-60
"GWK47_009678",0.0427648497414221,"positive","PC1","Ets21C","DNA-binding protein D-ETS-6","KAG0716449.1","GO:0006355","P29776","ETS6","DROME",51.6,221,1.33e-60
"GWK47_009678",0.0427648497414221,"positive","PC1","Ets21C","DNA-binding protein D-ETS-6","KAG0716449.1","GO:0043565","P29776","ETS6","DROME",51.6,221,1.33e-60
"GWK47_044097",0.042179132887032,"positive","PC1",NA,"Protein ALP1-like","KAG0722671.1",NA,"Q9M2U3","ALPL","ARATH",24.7,312,2.24e-17
"GWK47_030649",0.0409984657407014,"positive","PC1",NA,"hypothetical protein","KAG0729296.1",NA,NA,NA,NA,NA,NA,NA
"GWK47_039310",0.0409019665085002,"positive","PC1","STEAP4","Metalloreductase STEAP4","KAG0725066.1",NA,"Q687X5","STEA4","HUMAN",40.3,295,1.33e-57
"GWK47_035761",0.0404619230304117,"positive","PC1","YPEL2","Protein yippee-like 2","KAG0726863.1",NA,"Q2YDI3","YPEL2","BOVIN",94.9,118,1.25e-78
"GWK47_030652",0.0401823309449492,"positive","PC1","CBR1_1","Carbonyl reductase [NADPH","KAG0729298.1",NA,"P47727","CBR1","RAT",40.5,121,2.62e-22
"GWK47_039627",0.0393791175708791,"positive","PC1",NA,"hypothetical protein","KAG0724911.1",NA,NA,NA,NA,NA,NA,NA
"GWK47_032198",0.0385943848796341,"positive","PC1","RpL23_43","60S ribosomal protein L23","KAG0728578.1","GO:0003735","P48159","RL23","DROME",70.2,57,1.79e-16
"GWK47_032198",0.0385943848796341,"positive","PC1","RpL23_43","60S ribosomal protein L23","KAG0728578.1","GO:0005840","P48159","RL23","DROME",70.2,57,1.79e-16
"GWK47_032198",0.0385943848796341,"positive","PC1","RpL23_43","60S ribosomal protein L23","KAG0728578.1","GO:0006412","P48159","RL23","DROME",70.2,57,1.79e-16
"GWK47_012582",0.0385264568493856,"positive","PC1","v","Tryptophan 2,3-dioxygenase","KAG0715166.1","GO:0004833","B4MSH7","T23O","DROWI",62.2,378,2.95e-155
"GWK47_012582",0.0385264568493856,"positive","PC1","v","Tryptophan 2,3-dioxygenase","KAG0715166.1","GO:0019441","B4MSH7","T23O","DROWI",62.2,378,2.95e-155
"GWK47_012582",0.0385264568493856,"positive","PC1","v","Tryptophan 2,3-dioxygenase","KAG0715166.1","GO:0020037","B4MSH7","T23O","DROWI",62.2,378,2.95e-155
"GWK47_012582",0.0385264568493856,"positive","PC1","v","Tryptophan 2,3-dioxygenase","KAG0715166.1","GO:0046872","B4MSH7","T23O","DROWI",62.2,378,2.95e-155
"GWK47_003883",0.0384188283359107,"positive","PC1","Mfsd8_1","Major facilitator superfamily domain-containing protein 8","KAG0728019.1","GO:0016021","Q8BH31","MFSD8","MOUSE",31.1,541,6.08e-69
"GWK47_003883",0.0384188283359107,"positive","PC1","Mfsd8_1","Major facilitator superfamily domain-containing protein 8","KAG0728019.1","GO:0055085","Q8BH31","MFSD8","MOUSE",31.1,541,6.08e-69
"GWK47_003883",0.0384188283359107,"positive","PC1","Mfsd8_1","Major facilitator superfamily domain-containing protein 8","KAG0728018.1","GO:0016021","Q6GPQ3","MFSD8","XENLA",30.4,425,2.69e-43
"GWK47_003883",0.0384188283359107,"positive","PC1","Mfsd8_1","Major facilitator superfamily domain-containing protein 8","KAG0728018.1","GO:0055085","Q6GPQ3","MFSD8","XENLA",30.4,425,2.69e-43
"GWK47_047355",0.0375695365695091,"positive","PC1",NA,"hypothetical protein","KAG0720981.1",NA,NA,NA,NA,NA,NA,NA
"GWK47_008564",0.0375066541715108,"positive","PC1",NA,"hypothetical protein","KAG0716896.1",NA,NA,NA,NA,NA,NA,NA
"GWK47_015327",0.0373582604818743,"positive","PC1",NA,"hypothetical protein","KAG0713828.1","GO:0005515",NA,NA,NA,NA,NA,NA
"GWK47_021769",0.0369475670134537,"positive","PC1","Rim2","Mitochondrial carrier protein Rim2","KAG0710933.1","GO:0022857","Q9VQ37","RIM2","DROME",61.9,194,4.89e-78
"GWK47_021769",0.0369475670134537,"positive","PC1","Rim2","Mitochondrial carrier protein Rim2","KAG0710933.1","GO:0055085","Q9VQ37","RIM2","DROME",61.9,194,4.89e-78
"GWK47_013067",0.0361653587771102,"positive","PC1",NA,"hypothetical protein","KAG0714948.1",NA,NA,NA,NA,NA,NA,NA
"GWK47_049593",0.0361192508985596,"positive","PC1","Pnlip_1","Pancreatic triacylglycerol lipase","KAG0719866.1","GO:0004806","Q6P8U6","LIPP","MOUSE",40.1,347,1.84e-85
"GWK47_049593",0.0361192508985596,"positive","PC1","Pnlip_1","Pancreatic triacylglycerol lipase","KAG0719866.1","GO:0006629","Q6P8U6","LIPP","MOUSE",40.1,347,1.84e-85
"GWK47_049593",0.0361192508985596,"positive","PC1","Pnlip_1","Pancreatic triacylglycerol lipase","KAG0719866.1","GO:0052689","Q6P8U6","LIPP","MOUSE",40.1,347,1.84e-85
"GWK47_018480",0.0360932327746039,"positive","PC1",NA,"hypothetical protein","KAG0712430.1",NA,NA,NA,NA,NA,NA,NA
"GWK47_018480",0.0360932327746039,"positive","PC1",NA,"hypothetical protein","KAG0712429.1",NA,NA,NA,NA,NA,NA,NA
"GWK47_046958",0.0358662976758276,"positive","PC1","PRSS55","Serine protease 55","KAG0721191.1","GO:0004252","Q28661","PROC","RABIT",31,248,3.76e-23
"GWK47_046958",0.0358662976758276,"positive","PC1","PRSS55","Serine protease 55","KAG0721191.1","GO:0006508","Q28661","PROC","RABIT",31,248,3.76e-23
"GWK47_050071",0.0358089531924345,"positive","PC1",NA,"hypothetical protein","KAG0719643.1",NA,NA,NA,NA,NA,NA,NA
"GWK47_049589",0.0353849830547587,"positive","PC1","CBR1_3","Carbonyl reductase [NADPH","KAG0719884.1",NA,"P47727","CBR1","RAT",40.8,125,1.51e-24
"GWK47_038632",0.0349977923635852,"positive","PC1","SLC10A2_1","Ileal sodium/bile acid cotransporter","KAG0725449.1","GO:0016020","Q12908","NTCP2","HUMAN",36.7,283,4.46e-54
"GWK47_029205",-0.0809419000425608,"negative","PC1","HSP90AA1","Heat shock protein HSP 90-alpha","KAG0729995.1","GO:0005524","Q76LV2","HS90A","BOVIN",81.4,743,0
"GWK47_029205",-0.0809419000425608,"negative","PC1","HSP90AA1","Heat shock protein HSP 90-alpha","KAG0729995.1","GO:0006457","Q76LV2","HS90A","BOVIN",81.4,743,0
"GWK47_029205",-0.0809419000425608,"negative","PC1","HSP90AA1","Heat shock protein HSP 90-alpha","KAG0729995.1","GO:0051082","Q76LV2","HS90A","BOVIN",81.4,743,0
"GWK47_033734",-0.0780509881920801,"negative","PC1","HSP71_1","Heat shock protein 1","KAG0727865.1",NA,"A2Q0Z1","HSP7C","HORSE",78.9,646,0
"GWK47_006688",-0.0612138650588406,"negative","PC1","CUPA3_2","Cuticle protein AM1199","KAG0720549.1","GO:0042302","Q8T635","CU20","MANSE",47.7,107,2.33e-23
"GWK47_035275",-0.059869147267079,"negative","PC1",NA,"hypothetical protein","KAG0727142.1",NA,NA,NA,NA,NA,NA,NA
"GWK47_035115",-0.0597636868271041,"negative","PC1",NA,"hypothetical protein","KAG0727205.1","GO:0042302",NA,NA,NA,NA,NA,NA
"GWK47_030598",-0.0556715492161748,"negative","PC1",NA,"hypothetical protein","KAG0729338.1",NA,"P10776","NPAB","LOCMI",47.4,57,3.73e-11
"GWK47_042440",-0.055147444651853,"negative","PC1","CUPA3_0","Cuticle protein AM1199","KAG0723575.1","GO:0042302","P81577","CUPA3","CANPG",48.5,101,4.01e-21
"GWK47_007253",-0.0528310927333198,"negative","PC1","UGT2B15_3","UDP-glucuronosyltransferase 2B15","KAG0719524.1","GO:0016758","A0A291PQF1","UGT5","DACCO",35.5,200,3.95e-43
"GWK47_049614",-0.0507657134489401,"negative","PC1",NA,"hypothetical protein","KAG0719883.1",NA,NA,NA,NA,NA,NA,NA
"GWK47_049006",-0.046541314296819,"negative","PC1",NA,"hypothetical protein","KAG0720180.1",NA,NA,NA,NA,NA,NA,NA
"GWK47_031218",-0.0465168371682836,"negative","PC1","pik3r1-a","Phosphatidylinositol 3-kinase regulatory subunit alpha","KAG0729017.1","GO:0005515","P26450","P85A","MOUSE",34.2,647,1.35e-103
"GWK47_031218",-0.0465168371682836,"negative","PC1","pik3r1-a","Phosphatidylinositol 3-kinase regulatory subunit alpha","KAG0729017.1","GO:0007165","P26450","P85A","MOUSE",34.2,647,1.35e-103
"GWK47_031218",-0.0465168371682836,"negative","PC1","pik3r1-a","Phosphatidylinositol 3-kinase regulatory subunit alpha","KAG0729017.1","GO:0035556","P26450","P85A","MOUSE",34.2,647,1.35e-103
"GWK47_016794",-0.0463669205352172,"negative","PC1",NA,"hypothetical protein","KAG0713179.1",NA,NA,NA,NA,NA,NA,NA
"GWK47_031141",-0.0452339674728043,"negative","PC1","Mid1ip1_1","Mid1-interacting protein 1","KAG0729067.1",NA,NA,NA,NA,NA,NA,NA
"GWK47_031141",-0.0452339674728043,"negative","PC1","Mid1ip1_1","Mid1-interacting protein 1","KAG0729066.1",NA,NA,NA,NA,NA,NA,NA
"GWK47_040257",-0.045180189458581,"negative","PC1","acsbg2","Long-chain-fatty-acid--CoA ligase ACSBG2","KAG0724610.1","GO:0003824","Q7ZYC4","ACBG2","XENLA",55.2,660,1.09e-261
"GWK47_020967",-0.0448459360344913,"negative","PC1",NA,"hypothetical protein","KAG0711274.1",NA,NA,NA,NA,NA,NA,NA
"GWK47_024010",-0.0434111941508558,"negative","PC1",NA,"hypothetical protein","KAG0708482.1","GO:0003824","H9J9M0","CDA1","BOMMO",47.2,489,7.46e-158
"GWK47_024010",-0.0434111941508558,"negative","PC1",NA,"hypothetical protein","KAG0708482.1","GO:0005515","H9J9M0","CDA1","BOMMO",47.2,489,7.46e-158
"GWK47_024010",-0.0434111941508558,"negative","PC1",NA,"hypothetical protein","KAG0708482.1","GO:0005576","H9J9M0","CDA1","BOMMO",47.2,489,7.46e-158
"GWK47_024010",-0.0434111941508558,"negative","PC1",NA,"hypothetical protein","KAG0708482.1","GO:0005975","H9J9M0","CDA1","BOMMO",47.2,489,7.46e-158
"GWK47_024010",-0.0434111941508558,"negative","PC1",NA,"hypothetical protein","KAG0708482.1","GO:0006030","H9J9M0","CDA1","BOMMO",47.2,489,7.46e-158
"GWK47_024010",-0.0434111941508558,"negative","PC1",NA,"hypothetical protein","KAG0708482.1","GO:0008061","H9J9M0","CDA1","BOMMO",47.2,489,7.46e-158
"GWK47_010827",-0.0428020794481475,"negative","PC1","Top3alpha","DNA topoisomerase 3-alpha","KAG0715938.1","GO:0003677","Q13472","TOP3A","HUMAN",53.4,294,1.79e-89
"GWK47_010827",-0.0428020794481475,"negative","PC1","Top3alpha","DNA topoisomerase 3-alpha","KAG0715938.1","GO:0003916","Q13472","TOP3A","HUMAN",53.4,294,1.79e-89
"GWK47_010827",-0.0428020794481475,"negative","PC1","Top3alpha","DNA topoisomerase 3-alpha","KAG0715938.1","GO:0006265","Q13472","TOP3A","HUMAN",53.4,294,1.79e-89
"GWK47_029204",-0.0428008394231297,"negative","PC1","hsp90a.1","Heat shock protein HSP 90-alpha 1","KAG0729994.1","GO:0005524","P11501","HS90A","CHICK",77.9,723,0
"GWK47_029204",-0.0428008394231297,"negative","PC1","hsp90a.1","Heat shock protein HSP 90-alpha 1","KAG0729994.1","GO:0006457","P11501","HS90A","CHICK",77.9,723,0
"GWK47_029204",-0.0428008394231297,"negative","PC1","hsp90a.1","Heat shock protein HSP 90-alpha 1","KAG0729994.1","GO:0051082","P11501","HS90A","CHICK",77.9,723,0
"GWK47_001040",-0.0409033729975208,"negative","PC1",NA,"hypothetical protein","KAG0716421.1","GO:0008083",NA,NA,NA,NA,NA,NA
"GWK47_001040",-0.0409033729975208,"negative","PC1",NA,"hypothetical protein","KAG0716421.1","GO:0016020",NA,NA,NA,NA,NA,NA
"GWK47_030594",-0.0404682403996364,"negative","PC1","NPAB","Neuroparsin-A","KAG0729337.1",NA,"P10776","NPAB","LOCMI",46.2,65,1.14e-12
"GWK47_049966",-0.0400768937203155,"negative","PC1","Fasn","Fatty acid synthase","KAG0719693.1","GO:0003824","P12785","FAS","RAT",42.9,2578,0
"GWK47_049966",-0.0400768937203155,"negative","PC1","Fasn","Fatty acid synthase","KAG0719693.1","GO:0004312","P12785","FAS","RAT",42.9,2578,0
"GWK47_049966",-0.0400768937203155,"negative","PC1","Fasn","Fatty acid synthase","KAG0719693.1","GO:0009058","P12785","FAS","RAT",42.9,2578,0
"GWK47_049966",-0.0400768937203155,"negative","PC1","Fasn","Fatty acid synthase","KAG0719693.1","GO:0016491","P12785","FAS","RAT",42.9,2578,0
"GWK47_049966",-0.0400768937203155,"negative","PC1","Fasn","Fatty acid synthase","KAG0719693.1","GO:0016740","P12785","FAS","RAT",42.9,2578,0
"GWK47_049966",-0.0400768937203155,"negative","PC1","Fasn","Fatty acid synthase","KAG0719693.1","GO:0016788","P12785","FAS","RAT",42.9,2578,0
"GWK47_049966",-0.0400768937203155,"negative","PC1","Fasn","Fatty acid synthase","KAG0719693.1","GO:0031177","P12785","FAS","RAT",42.9,2578,0
"GWK47_050768",-0.0398767623790379,"negative","PC1","SRSF2","Serine/arginine-rich splicing factor 2","KAG0719312.1","GO:0003676","Q3MHR5","SRSF2","BOVIN",46.5,159,6.1e-35
"GWK47_051181",-0.039478809337346,"negative","PC1","TPO","Thyroid peroxidase","KAG0719117.1","GO:0004601","P09933","PERT","PIG",41,268,2.51e-54
"GWK47_051181",-0.039478809337346,"negative","PC1","TPO","Thyroid peroxidase","KAG0719117.1","GO:0006979","P09933","PERT","PIG",41,268,2.51e-54
"GWK47_051181",-0.039478809337346,"negative","PC1","TPO","Thyroid peroxidase","KAG0719117.1","GO:0020037","P09933","PERT","PIG",41,268,2.51e-54
"GWK47_051181",-0.039478809337346,"negative","PC1","TPO","Thyroid peroxidase","KAG0719117.1","GO:0055114","P09933","PERT","PIG",41,268,2.51e-54
"GWK47_008940",-0.0390280584604057,"negative","PC1","NT1_2","Neurotrophin 1","KAG0716755.1",NA,"B7TB45","SPZ2","DROME",46.1,102,5.38e-22
"GWK47_033733",-0.0389439111718919,"negative","PC1",NA,"hypothetical protein","KAG0727864.1",NA,NA,NA,NA,NA,NA,NA
"GWK47_050070",-0.0378851094466517,"negative","PC1","RGN_1","Regucalcin","KAG0719642.1",NA,"Q9I923","RGN","CHICK",37.7,292,7.2e-58
"GWK47_016791",-0.0375624963129739,"negative","PC1",NA,"hypothetical protein","KAG0713178.1","GO:0005576","P0DPW4","TX11A","ETHRU",43.8,64,4.85e-13
"GWK47_016791",-0.0375624963129739,"negative","PC1",NA,"hypothetical protein","KAG0713178.1","GO:0006030","P0DPW4","TX11A","ETHRU",43.8,64,4.85e-13
"GWK47_016791",-0.0375624963129739,"negative","PC1",NA,"hypothetical protein","KAG0713178.1","GO:0008061","P0DPW4","TX11A","ETHRU",43.8,64,4.85e-13
"GWK47_007252",-0.0374052068280409,"negative","PC1",NA,"hypothetical protein","KAG0719523.1",NA,NA,NA,NA,NA,NA,NA
"GWK47_022063",-0.0373245514423601,"negative","PC1","hsc71","Heat shock cognate protein","KAG0710796.1",NA,"P08108","HSP70","ONCMY",85.8,655,0
"GWK47_010380",-0.0361764881555026,"negative","PC1","Surf6_1","Surfeit locus protein 6","KAG0716170.1",NA,NA,NA,NA,NA,NA,NA
"GWK47_010380",-0.0361764881555026,"negative","PC1","Surf6_1","Surfeit locus protein 6","KAG0716169.1",NA,NA,NA,NA,NA,NA,NA
"GWK47_032395",-0.0356571681731645,"negative","PC1","HSP7D","Heat shock protein cognate 4","KAG0728470.1",NA,"Q9U639","HSP7D","MANSE",78.2,651,0
"GWK47_015047",-0.0348609342252004,"negative","PC1","4CL_0","4-coumarate--CoA ligase","KAG0713951.1","GO:0003824","P41636","4CL","PINTA",37.8,429,1.46e-79
"GWK47_005980",-0.0347586144368153,"negative","PC1","Hsc70-3","Endoplasmic reticulum chaperone BiP","KAG0722444.1",NA,"P29844","BIP","DROME",86.8,637,0
"GWK47_002997",-0.034273263722492,"negative","PC1",NA,"hypothetical protein","KAG0697510.1",NA,NA,NA,NA,NA,NA,NA
"GWK47_020563",-0.034246218736504,"negative","PC1","Phgdh","D-3-phosphoglycerate dehydrogenase","KAG0711461.1","GO:0004617","A5GFY8","SERA","PIG",48.5,534,7.42e-149
"GWK47_020563",-0.034246218736504,"negative","PC1","Phgdh","D-3-phosphoglycerate dehydrogenase","KAG0711461.1","GO:0006564","A5GFY8","SERA","PIG",48.5,534,7.42e-149
"GWK47_020563",-0.034246218736504,"negative","PC1","Phgdh","D-3-phosphoglycerate dehydrogenase","KAG0711461.1","GO:0016616","A5GFY8","SERA","PIG",48.5,534,7.42e-149
"GWK47_020563",-0.034246218736504,"negative","PC1","Phgdh","D-3-phosphoglycerate dehydrogenase","KAG0711461.1","GO:0051287","A5GFY8","SERA","PIG",48.5,534,7.42e-149
"GWK47_020563",-0.034246218736504,"negative","PC1","Phgdh","D-3-phosphoglycerate dehydrogenase","KAG0711461.1","GO:0055114","A5GFY8","SERA","PIG",48.5,534,7.42e-149
"GWK47_020014",-0.0334042239224629,"negative","PC1","NT1_0","Neurotrophin 1","KAG0711728.1",NA,"B7TB45","SPZ2","DROME",46.1,102,5.38e-22
"GWK47_035175",-0.0328724636777038,"negative","PC1",NA,"hypothetical protein","KAG0727180.1",NA,NA,NA,NA,NA,NA,NA
"GWK47_026680",-0.0326164605630323,"negative","PC1",NA,"hypothetical protein","KAG0695963.1",NA,NA,NA,NA,NA,NA,NA
"GWK47_050003",-0.0320381994567258,"negative","PC1","miox","Inositol oxygenase","KAG0719683.1","GO:0005506","Q4V8T0","MIOX","DANRE",70.8,113,9.98e-64
"GWK47_050003",-0.0320381994567258,"negative","PC1","miox","Inositol oxygenase","KAG0719683.1","GO:0005737","Q4V8T0","MIOX","DANRE",70.8,113,9.98e-64
"GWK47_050003",-0.0320381994567258,"negative","PC1","miox","Inositol oxygenase","KAG0719683.1","GO:0019310","Q4V8T0","MIOX","DANRE",70.8,113,9.98e-64
"GWK47_050003",-0.0320381994567258,"negative","PC1","miox","Inositol oxygenase","KAG0719683.1","GO:0050113","Q4V8T0","MIOX","DANRE",70.8,113,9.98e-64
"GWK47_050003",-0.0320381994567258,"negative","PC1","miox","Inositol oxygenase","KAG0719683.1","GO:0055114","Q4V8T0","MIOX","DANRE",70.8,113,9.98e-64
"GWK47_031383",-0.031773643395092,"negative","PC1","Smyd4","SET and MYND domain-containing protein 4","KAG0728945.1","GO:0005515","Q8BTK5","SMYD4","MOUSE",34.7,245,9.58e-23
"GWK47_031383",-0.031773643395092,"negative","PC1","Smyd4","SET and MYND domain-containing protein 4","KAG0728945.1","GO:0008146","Q8BTK5","SMYD4","MOUSE",34.7,245,9.58e-23
"GWK47_031383",-0.031773643395092,"negative","PC1","Smyd4","SET and MYND domain-containing protein 4","KAG0728945.1","GO:0016021","Q8BTK5","SMYD4","MOUSE",34.7,245,9.58e-23
"GWK47_033735",-0.0316553533802663,"negative","PC1","HSP71_0","Heat shock protein 1","KAG0727866.1",NA,"Q9I8F9","HSP71","ORYLA",79.4,586,0
"GWK47_053415",-0.0315251537387838,"negative","PC1","doxa-1","Dual oxidase maturation factor 1","KAG0717953.1","GO:0005789","Q1HG43","DOXA1","HUMAN",36.2,221,1.79e-27
"GWK47_053415",-0.0315251537387838,"negative","PC1","doxa-1","Dual oxidase maturation factor 1","KAG0717953.1","GO:0015031","Q1HG43","DOXA1","HUMAN",36.2,221,1.79e-27
"GWK47_053415",-0.0315251537387838,"negative","PC1","doxa-1","Dual oxidase maturation factor 1","KAG0717953.1","GO:0016021","Q1HG43","DOXA1","HUMAN",36.2,221,1.79e-27
"GWK47_002331",-0.0312658269546547,"negative","PC1","Hsp60A","Heat shock protein 60A","KAG0711365.1","GO:0005524","O02649","CH60A","DROME",78,537,6.38e-298
"GWK47_002331",-0.0312658269546547,"negative","PC1","Hsp60A","Heat shock protein 60A","KAG0711365.1","GO:0005737","O02649","CH60A","DROME",78,537,6.38e-298
"GWK47_002331",-0.0312658269546547,"negative","PC1","Hsp60A","Heat shock protein 60A","KAG0711365.1","GO:0006457","O02649","CH60A","DROME",78,537,6.38e-298
"GWK47_002331",-0.0312658269546547,"negative","PC1","Hsp60A","Heat shock protein 60A","KAG0711365.1","GO:0042026","O02649","CH60A","DROME",78,537,6.38e-298
"GWK47_041632",-0.0311189763805313,"negative","PC1","DPGN_1","Serine protease inhibitor dipetalogastin","KAG0723955.1","GO:0005515","O00468","AGRIN","HUMAN",31.4,401,2.65e-35
"GWK47_005117",-0.0307948426148054,"negative","PC1","slc39a1_3","Zinc transporter ZIP1","KAG0724457.1","GO:0016020","P59889","S39A1","DANRE",30.6,265,5.14e-28
"GWK47_005117",-0.0307948426148054,"negative","PC1","slc39a1_3","Zinc transporter ZIP1","KAG0724457.1","GO:0030001","P59889","S39A1","DANRE",30.6,265,5.14e-28
"GWK47_005117",-0.0307948426148054,"negative","PC1","slc39a1_3","Zinc transporter ZIP1","KAG0724457.1","GO:0046873","P59889","S39A1","DANRE",30.6,265,5.14e-28
"GWK47_005117",-0.0307948426148054,"negative","PC1","slc39a1_3","Zinc transporter ZIP1","KAG0724457.1","GO:0055085","P59889","S39A1","DANRE",30.6,265,5.14e-28
"GWK47_014594",-0.0305226789766719,"negative","PC1","fp-1_1","Foot protein 1 variant 1","KAG0714191.1",NA,NA,NA,NA,NA,NA,NA
"GWK47_021460",-0.0298477264249155,"negative","PC1","Tspan3","Tetraspanin-3","KAG0711067.1","GO:0016021","Q9QY33","TSN3","MOUSE",32.3,130,2.85e-13
"GWK47_041667",-0.0298037170711025,"negative","PC1","ABHD1","Protein ABHD1","KAG0723944.1",NA,"Q3T0A0","ABHD1","BOVIN",41.1,297,7.42e-69
"GWK47_019908",-0.0294645238696568,"negative","PC1",NA,"hypothetical protein","KAG0711779.1",NA,NA,NA,NA,NA,NA,NA
"GWK47_041654",-0.0294462231751717,"negative","PC1","Mfsd6_1","Major facilitator superfamily domain-containing protein 6","KAG0723938.1",NA,"Q8CBH5","MFSD6","MOUSE",22.2,573,9.47e-16
"GWK47_010391",0.081627019894477,"positive","PC2","Bbox1_6","Gamma-butyrobetaine dioxygenase","KAG0716176.1","GO:0016491","Q9QZU7","BODG","RAT",33.3,372,5.71e-66
"GWK47_010391",0.081627019894477,"positive","PC2","Bbox1_6","Gamma-butyrobetaine dioxygenase","KAG0716176.1","GO:0055114","Q9QZU7","BODG","RAT",33.3,372,5.71e-66
"GWK47_020967",0.0723014320608123,"positive","PC2",NA,"hypothetical protein","KAG0711274.1",NA,NA,NA,NA,NA,NA,NA
"GWK47_035115",0.0623513384553629,"positive","PC2",NA,"hypothetical protein","KAG0727205.1","GO:0042302",NA,NA,NA,NA,NA,NA
"GWK47_016794",0.0622914852825761,"positive","PC2",NA,"hypothetical protein","KAG0713179.1",NA,NA,NA,NA,NA,NA,NA
"GWK47_022009",0.0604678025327158,"positive","PC2","Leng9","Leukocyte receptor cluster member 9","KAG0710823.1","GO:0046872","Q8BTN6","LENG9","MOUSE",45.9,157,4.3e-33
"GWK47_047904",0.0600757015403166,"positive","PC2",NA,"hypothetical protein","KAG0720717.1",NA,NA,NA,NA,NA,NA,NA
"GWK47_053415",0.0569142132335547,"positive","PC2","doxa-1","Dual oxidase maturation factor 1","KAG0717953.1","GO:0005789","Q1HG43","DOXA1","HUMAN",36.2,221,1.79e-27
"GWK47_053415",0.0569142132335547,"positive","PC2","doxa-1","Dual oxidase maturation factor 1","KAG0717953.1","GO:0015031","Q1HG43","DOXA1","HUMAN",36.2,221,1.79e-27
"GWK47_053415",0.0569142132335547,"positive","PC2","doxa-1","Dual oxidase maturation factor 1","KAG0717953.1","GO:0016021","Q1HG43","DOXA1","HUMAN",36.2,221,1.79e-27
"GWK47_030456",0.0554196720972669,"positive","PC2","EST6_2","Venom carboxylesterase-6","KAG0729375.1",NA,"B2D0J5","EST6","APIME",25.4,464,4.92e-33
"GWK47_043555",0.0552707374946005,"positive","PC2",NA,"hypothetical protein","KAG0722949.1","GO:0003824","H9J9M0","CDA1","BOMMO",37.8,431,1.16e-82
"GWK47_043555",0.0552707374946005,"positive","PC2",NA,"hypothetical protein","KAG0722949.1","GO:0005576","H9J9M0","CDA1","BOMMO",37.8,431,1.16e-82
"GWK47_043555",0.0552707374946005,"positive","PC2",NA,"hypothetical protein","KAG0722949.1","GO:0005975","H9J9M0","CDA1","BOMMO",37.8,431,1.16e-82
"GWK47_043555",0.0552707374946005,"positive","PC2",NA,"hypothetical protein","KAG0722949.1","GO:0006030","H9J9M0","CDA1","BOMMO",37.8,431,1.16e-82
"GWK47_043555",0.0552707374946005,"positive","PC2",NA,"hypothetical protein","KAG0722949.1","GO:0008061","H9J9M0","CDA1","BOMMO",37.8,431,1.16e-82
"GWK47_035275",0.0489352301457361,"positive","PC2",NA,"hypothetical protein","KAG0727142.1",NA,NA,NA,NA,NA,NA,NA
"GWK47_041224",0.0487764359137545,"positive","PC2",NA,"hypothetical protein","KAG0724154.1",NA,NA,NA,NA,NA,NA,NA
"GWK47_039556",0.047961592021943,"positive","PC2",NA,"hypothetical protein","KAG0724936.1",NA,NA,NA,NA,NA,NA,NA
"GWK47_041632",0.0476803331426637,"positive","PC2","DPGN_1","Serine protease inhibitor dipetalogastin","KAG0723955.1","GO:0005515","O00468","AGRIN","HUMAN",31.4,401,2.65e-35
"GWK47_049614",0.0471895143527518,"positive","PC2",NA,"hypothetical protein","KAG0719883.1",NA,NA,NA,NA,NA,NA,NA
"GWK47_014687",0.0454826493463892,"positive","PC2","Bbox1_2","Gamma-butyrobetaine dioxygenase","KAG0714161.1","GO:0016491","Q9QZU7","BODG","RAT",32.9,383,7.82e-66
"GWK47_014687",0.0454826493463892,"positive","PC2","Bbox1_2","Gamma-butyrobetaine dioxygenase","KAG0714161.1","GO:0055114","Q9QZU7","BODG","RAT",32.9,383,7.82e-66
"GWK47_024010",0.0453424313311144,"positive","PC2",NA,"hypothetical protein","KAG0708482.1","GO:0003824","H9J9M0","CDA1","BOMMO",47.2,489,7.46e-158
"GWK47_024010",0.0453424313311144,"positive","PC2",NA,"hypothetical protein","KAG0708482.1","GO:0005515","H9J9M0","CDA1","BOMMO",47.2,489,7.46e-158
"GWK47_024010",0.0453424313311144,"positive","PC2",NA,"hypothetical protein","KAG0708482.1","GO:0005576","H9J9M0","CDA1","BOMMO",47.2,489,7.46e-158
"GWK47_024010",0.0453424313311144,"positive","PC2",NA,"hypothetical protein","KAG0708482.1","GO:0005975","H9J9M0","CDA1","BOMMO",47.2,489,7.46e-158
"GWK47_024010",0.0453424313311144,"positive","PC2",NA,"hypothetical protein","KAG0708482.1","GO:0006030","H9J9M0","CDA1","BOMMO",47.2,489,7.46e-158
"GWK47_024010",0.0453424313311144,"positive","PC2",NA,"hypothetical protein","KAG0708482.1","GO:0008061","H9J9M0","CDA1","BOMMO",47.2,489,7.46e-158
"GWK47_006188",0.0440808234610404,"positive","PC2","Mknk1","MAP kinase-interacting serine/threonine-protein kinase 1","KAG0721862.1","GO:0004672","Q66I46","MKNK2","XENTR",59.6,371,6.35e-162
"GWK47_006188",0.0440808234610404,"positive","PC2","Mknk1","MAP kinase-interacting serine/threonine-protein kinase 1","KAG0721862.1","GO:0005524","Q66I46","MKNK2","XENTR",59.6,371,6.35e-162
"GWK47_006188",0.0440808234610404,"positive","PC2","Mknk1","MAP kinase-interacting serine/threonine-protein kinase 1","KAG0721862.1","GO:0006468","Q66I46","MKNK2","XENTR",59.6,371,6.35e-162
"GWK47_037828",0.0434587296022883,"positive","PC2","REG1B_0","Lithostathine-1-beta","KAG0725821.1",NA,"P48304","REG1B","HUMAN",28.8,139,3.34e-14
"GWK47_009625",0.0423561541150442,"positive","PC2","CBR1_5","Carbonyl reductase [NADPH","KAG0716471.1",NA,"Q28960","CBR1","PIG",41.2,85,3.03e-12
"GWK47_009625",0.0423561541150442,"positive","PC2","CBR1_5","Carbonyl reductase [NADPH","KAG0716472.1",NA,"Q28960","CBR1","PIG",41.2,85,4.66e-13
"GWK47_006084",0.0420536463706634,"positive","PC2",NA,"hypothetical protein","KAG0722341.1",NA,NA,NA,NA,NA,NA,NA
"GWK47_008653",0.0411395545809632,"positive","PC2",NA,"hypothetical protein","KAG0716861.1",NA,NA,NA,NA,NA,NA,NA
"GWK47_042440",0.0408033639353706,"positive","PC2","CUPA3_0","Cuticle protein AM1199","KAG0723575.1","GO:0042302","P81577","CUPA3","CANPG",48.5,101,4.01e-21
"GWK47_001115",0.0407543131765067,"positive","PC2",NA,"hypothetical protein","KAG0716057.1",NA,NA,NA,NA,NA,NA,NA
"GWK47_010389",0.0405937252132566,"positive","PC2","Bbox1_5","Gamma-butyrobetaine dioxygenase","KAG0716174.1","GO:0016491","Q9QZU7","BODG","RAT",33.1,372,8.7e-61
"GWK47_010389",0.0405937252132566,"positive","PC2","Bbox1_5","Gamma-butyrobetaine dioxygenase","KAG0716174.1","GO:0055114","Q9QZU7","BODG","RAT",33.1,372,8.7e-61
"GWK47_029207",0.0401458301220126,"positive","PC2",NA,"hypothetical protein","KAG0729996.1",NA,NA,NA,NA,NA,NA,NA
"GWK47_005978",0.039900336567087,"positive","PC2","GstD7_4","Glutathione S-transferase D7","KAG0722499.1","GO:0005515","O76483","GSTT7","ANOGA",40.3,221,1.64e-46
"GWK47_005978",0.039900336567087,"positive","PC2","GstD7_4","Glutathione S-transferase D7","KAG0722500.1","GO:0005515","O76483","GSTT7","ANOGA",40.3,221,1.64e-46
"GWK47_048516",0.0394910670338073,"positive","PC2","SLC37A4","Glucose-6-phosphate exchanger SLC37A4","KAG0720442.1","GO:0016021","O43826","G6PT1","HUMAN",30.4,513,3.73e-69
"GWK47_048516",0.0394910670338073,"positive","PC2","SLC37A4","Glucose-6-phosphate exchanger SLC37A4","KAG0720442.1","GO:0055085","O43826","G6PT1","HUMAN",30.4,513,3.73e-69
"GWK47_019387",0.0391629748387576,"positive","PC2",NA,"hypothetical protein","KAG0712002.1",NA,NA,NA,NA,NA,NA,NA
"GWK47_017468",0.0390388249663186,"positive","PC2","FCN2_0","Ficolin-2","KAG0712863.1",NA,"D8VNS7","FCNV1","CERRY",45.2,217,8.34e-58
"GWK47_006688",0.0384931067504512,"positive","PC2","CUPA3_2","Cuticle protein AM1199","KAG0720549.1","GO:0042302","Q8T635","CU20","MANSE",47.7,107,2.33e-23
"GWK47_046867",0.0380800836034871,"positive","PC2","Ddit4l_1","DNA damage-inducible transcript 4-like protein","KAG0721235.1","GO:0005737","Q8VHZ5","DDT4L","MOUSE",39,118,1.23e-17
"GWK47_046867",0.0380800836034871,"positive","PC2","Ddit4l_1","DNA damage-inducible transcript 4-like protein","KAG0721235.1","GO:0009968","Q8VHZ5","DDT4L","MOUSE",39,118,1.23e-17
"GWK47_000622",0.0375376365499777,"positive","PC2",NA,"hypothetical protein","KAG0722032.1","GO:0005576",NA,NA,NA,NA,NA,NA
"GWK47_000622",0.0375376365499777,"positive","PC2",NA,"hypothetical protein","KAG0722032.1","GO:0030414",NA,NA,NA,NA,NA,NA
"GWK47_030652",0.0367513604489643,"positive","PC2","CBR1_1","Carbonyl reductase [NADPH","KAG0729298.1",NA,"P47727","CBR1","RAT",40.5,121,2.62e-22
"GWK47_046504",0.0366049607777839,"positive","PC2",NA,"hypothetical protein","KAG0721424.1",NA,NA,NA,NA,NA,NA,NA
"GWK47_046504",0.0366049607777839,"positive","PC2",NA,"hypothetical protein","KAG0721423.1",NA,NA,NA,NA,NA,NA,NA
"GWK47_015327",0.0359772192818046,"positive","PC2",NA,"hypothetical protein","KAG0713828.1","GO:0005515",NA,NA,NA,NA,NA,NA
"GWK47_041870",0.0359219795964903,"positive","PC2",NA,"hypothetical protein","KAG0723815.1",NA,NA,NA,NA,NA,NA,NA
"GWK47_046293",0.0356644967720688,"positive","PC2","Pino","Protein pinocchio","KAG0721527.1",NA,"Q9VPW8","PINO","DROME",57.6,85,8.94e-33
"GWK47_051181",0.0354568153481761,"positive","PC2","TPO","Thyroid peroxidase","KAG0719117.1","GO:0004601","P09933","PERT","PIG",41,268,2.51e-54
"GWK47_051181",0.0354568153481761,"positive","PC2","TPO","Thyroid peroxidase","KAG0719117.1","GO:0006979","P09933","PERT","PIG",41,268,2.51e-54
"GWK47_051181",0.0354568153481761,"positive","PC2","TPO","Thyroid peroxidase","KAG0719117.1","GO:0020037","P09933","PERT","PIG",41,268,2.51e-54
"GWK47_051181",0.0354568153481761,"positive","PC2","TPO","Thyroid peroxidase","KAG0719117.1","GO:0055114","P09933","PERT","PIG",41,268,2.51e-54
"GWK47_017780",0.0354452609997955,"positive","PC2","obst-E_0","Protein obstructor-E","KAG0712724.1","GO:0005576","Q9VMM6","OBSTE","DROME",39.5,205,1.63e-50
"GWK47_017780",0.0354452609997955,"positive","PC2","obst-E_0","Protein obstructor-E","KAG0712724.1","GO:0006030","Q9VMM6","OBSTE","DROME",39.5,205,1.63e-50
"GWK47_017780",0.0354452609997955,"positive","PC2","obst-E_0","Protein obstructor-E","KAG0712724.1","GO:0008061","Q9VMM6","OBSTE","DROME",39.5,205,1.63e-50
"GWK47_046142",0.034884112171055,"positive","PC2","Diap2_3","Death-associated inhibitor of apoptosis 2","KAG0721607.1",NA,"A9JTP3","BIRC7","XENTR",29.2,424,1.67e-41
"GWK47_046142",0.034884112171055,"positive","PC2","Diap2_3","Death-associated inhibitor of apoptosis 2","KAG0721610.1",NA,"A9JTP3","BIRC7","XENTR",30.2,411,2.79e-42
"GWK47_046142",0.034884112171055,"positive","PC2","Diap2_3","Death-associated inhibitor of apoptosis 2","KAG0721608.1",NA,"A9JTP3","BIRC7","XENTR",29.2,424,6.02e-42
"GWK47_046142",0.034884112171055,"positive","PC2","Diap2_3","Death-associated inhibitor of apoptosis 2","KAG0721609.1",NA,"A9JTP3","BIRC7","XENTR",30.2,411,9.42e-43
"GWK47_002017",0.0348824480819749,"positive","PC2",NA,"hypothetical protein","KAG0712770.1",NA,NA,NA,NA,NA,NA,NA
"GWK47_008651",0.0347144830085661,"positive","PC2","EST6_5","Venom carboxylesterase-6","KAG0716860.1",NA,"P14943","EST2","RABIT",40.8,326,2.59e-55
"GWK47_053713",0.0339776280457085,"positive","PC2","MFSD12_1","Major facilitator superfamily domain-containing protein 12","KAG0717799.1",NA,"A0A3Q2HW92","MFS12","HORSE",36.9,426,8.85e-74
"GWK47_028242",0.0338209511758951,"positive","PC2",NA,"hypothetical protein","KAG0730448.1",NA,NA,NA,NA,NA,NA,NA
"GWK47_016256",0.0335504173875881,"positive","PC2",NA,"hypothetical protein","KAG0713430.1",NA,"O75936","BODG","HUMAN",45.7,70,1.14e-12
"GWK47_028285",0.0334312510977463,"positive","PC2",NA,"hypothetical protein","KAG0730422.1",NA,"Q9W2W5","ADPR1","DROME",39.5,476,2.05e-94
"GWK47_001991",0.0331256497202336,"positive","PC2",NA,"hypothetical protein","KAG0712885.1",NA,NA,NA,NA,NA,NA,NA
"GWK47_022806",0.0330845768220924,"positive","PC2","Mhc_2","Myosin heavy chain, muscle","KAG0710435.1","GO:0003774","P05661","MYSA","DROME",59.9,1900,0
"GWK47_022806",0.0330845768220924,"positive","PC2","Mhc_2","Myosin heavy chain, muscle","KAG0710435.1","GO:0005515","P05661","MYSA","DROME",59.9,1900,0
"GWK47_022806",0.0330845768220924,"positive","PC2","Mhc_2","Myosin heavy chain, muscle","KAG0710435.1","GO:0005524","P05661","MYSA","DROME",59.9,1900,0
"GWK47_022806",0.0330845768220924,"positive","PC2","Mhc_2","Myosin heavy chain, muscle","KAG0710435.1","GO:0016459","P05661","MYSA","DROME",59.9,1900,0
"GWK47_022806",0.0330845768220924,"positive","PC2","Mhc_2","Myosin heavy chain, muscle","KAG0710435.1","GO:0051015","P05661","MYSA","DROME",59.9,1900,0
"GWK47_054979",0.0330407299410863,"positive","PC2","Gld_3","Glucose dehydrogenase [FAD, quinone","KAG0717182.1","GO:0016614","P18173","DHGL","DROME",39.7,527,1.4e-104
"GWK47_054979",0.0330407299410863,"positive","PC2","Gld_3","Glucose dehydrogenase [FAD, quinone","KAG0717182.1","GO:0050660","P18173","DHGL","DROME",39.7,527,1.4e-104
"GWK47_054979",0.0330407299410863,"positive","PC2","Gld_3","Glucose dehydrogenase [FAD, quinone","KAG0717182.1","GO:0055114","P18173","DHGL","DROME",39.7,527,1.4e-104
"GWK47_040824",0.0327787785192138,"positive","PC2",NA,"hypothetical protein","KAG0724317.1",NA,NA,NA,NA,NA,NA,NA
"GWK47_005561",-0.0864039477911647,"negative","PC2",NA,"hypothetical protein","KAG0723303.1",NA,NA,NA,NA,NA,NA,NA
"GWK47_005560",-0.085505203386127,"negative","PC2",NA,"hypothetical protein","KAG0723302.1",NA,NA,NA,NA,NA,NA,NA
"GWK47_046958",-0.0814912724267256,"negative","PC2","PRSS55","Serine protease 55","KAG0721191.1","GO:0004252","Q28661","PROC","RABIT",31,248,3.76e-23
"GWK47_046958",-0.0814912724267256,"negative","PC2","PRSS55","Serine protease 55","KAG0721191.1","GO:0006508","Q28661","PROC","RABIT",31,248,3.76e-23
"GWK47_019251",-0.0780683121890027,"negative","PC2","MUCB1","Integumentary mucin B.1","KAG0712061.1",NA,NA,NA,NA,NA,NA,NA
"GWK47_012168",-0.0779602062562928,"negative","PC2",NA,"hypothetical protein","KAG0715345.1","GO:0005576",NA,NA,NA,NA,NA,NA
"GWK47_012168",-0.0779602062562928,"negative","PC2",NA,"hypothetical protein","KAG0715345.1","GO:0006030",NA,NA,NA,NA,NA,NA
"GWK47_012168",-0.0779602062562928,"negative","PC2",NA,"hypothetical protein","KAG0715345.1","GO:0008061",NA,NA,NA,NA,NA,NA
"GWK47_039428",-0.0713088312717376,"negative","PC2",NA,"hypothetical protein","KAG0725022.1",NA,NA,NA,NA,NA,NA,NA
"GWK47_039428",-0.0713088312717376,"negative","PC2",NA,"hypothetical protein","KAG0725021.1",NA,NA,NA,NA,NA,NA,NA
"GWK47_002621",-0.0701423430833535,"negative","PC2",NA,"hypothetical protein","KAG0709983.1",NA,NA,NA,NA,NA,NA,NA
"GWK47_024287",-0.0620145756864697,"negative","PC2",NA,"hypothetical protein","KAG0706840.1",NA,NA,NA,NA,NA,NA,NA
"GWK47_015055",-0.0557749109656988,"negative","PC2","ALF_2","Anti-lipopolysaccharide factor","KAG0713957.1",NA,"C0KJQ4","ALPS","PORTR",43,79,4.83e-25
"GWK47_051099",-0.0539094839112014,"negative","PC2","CPB1","Carboxypeptidase B","KAG0719146.1","GO:0004181","P00732","CBPB1","BOVIN",45.8,107,4.61e-21
"GWK47_051099",-0.0539094839112014,"negative","PC2","CPB1","Carboxypeptidase B","KAG0719146.1","GO:0006508","P00732","CBPB1","BOVIN",45.8,107,4.61e-21
"GWK47_051099",-0.0539094839112014,"negative","PC2","CPB1","Carboxypeptidase B","KAG0719146.1","GO:0008270","P00732","CBPB1","BOVIN",45.8,107,4.61e-21
"GWK47_044097",-0.0539008860304325,"negative","PC2",NA,"Protein ALP1-like","KAG0722671.1",NA,"Q9M2U3","ALPL","ARATH",24.7,312,2.24e-17
"GWK47_022413",-0.0535904192753103,"negative","PC2",NA,"hypothetical protein","KAG0710612.1","GO:0005576",NA,NA,NA,NA,NA,NA
"GWK47_022413",-0.0535904192753103,"negative","PC2",NA,"hypothetical protein","KAG0710612.1","GO:0006030",NA,NA,NA,NA,NA,NA
"GWK47_022413",-0.0535904192753103,"negative","PC2",NA,"hypothetical protein","KAG0710612.1","GO:0008061",NA,NA,NA,NA,NA,NA
"GWK47_029635",-0.0534138767134976,"negative","PC2","Cpm_3","Carboxypeptidase M","KAG0729785.1","GO:0004181","Q80V42","CBPM","MOUSE",50.1,363,1.35e-122
"GWK47_029635",-0.0534138767134976,"negative","PC2","Cpm_3","Carboxypeptidase M","KAG0729785.1","GO:0006508","Q80V42","CBPM","MOUSE",50.1,363,1.35e-122
"GWK47_029635",-0.0534138767134976,"negative","PC2","Cpm_3","Carboxypeptidase M","KAG0729785.1","GO:0008270","Q80V42","CBPM","MOUSE",50.1,363,1.35e-122
"GWK47_029635",-0.0534138767134976,"negative","PC2","Cpm_3","Carboxypeptidase M","KAG0729787.1","GO:0004181","Q80V42","CBPM","MOUSE",50.1,363,3.94e-122
"GWK47_029635",-0.0534138767134976,"negative","PC2","Cpm_3","Carboxypeptidase M","KAG0729787.1","GO:0006508","Q80V42","CBPM","MOUSE",50.1,363,3.94e-122
"GWK47_029635",-0.0534138767134976,"negative","PC2","Cpm_3","Carboxypeptidase M","KAG0729787.1","GO:0008270","Q80V42","CBPM","MOUSE",50.1,363,3.94e-122
"GWK47_029635",-0.0534138767134976,"negative","PC2","Cpm_3","Carboxypeptidase M","KAG0729786.1","GO:0004181","Q80V42","CBPM","MOUSE",50.1,363,1.79e-122
"GWK47_029635",-0.0534138767134976,"negative","PC2","Cpm_3","Carboxypeptidase M","KAG0729786.1","GO:0006508","Q80V42","CBPM","MOUSE",50.1,363,1.79e-122
"GWK47_029635",-0.0534138767134976,"negative","PC2","Cpm_3","Carboxypeptidase M","KAG0729786.1","GO:0008270","Q80V42","CBPM","MOUSE",50.1,363,1.79e-122
"GWK47_029635",-0.0534138767134976,"negative","PC2","Cpm_3","Carboxypeptidase M","KAG0729784.1","GO:0004181","Q80V42","CBPM","MOUSE",50.1,363,5.21e-122
"GWK47_029635",-0.0534138767134976,"negative","PC2","Cpm_3","Carboxypeptidase M","KAG0729784.1","GO:0006508","Q80V42","CBPM","MOUSE",50.1,363,5.21e-122
"GWK47_029635",-0.0534138767134976,"negative","PC2","Cpm_3","Carboxypeptidase M","KAG0729784.1","GO:0008270","Q80V42","CBPM","MOUSE",50.1,363,5.21e-122
"GWK47_050744",-0.052407006841234,"negative","PC2","ovo","Transcriptional regulator ovo","KAG0719324.1","GO:0003676","P51521","OVO","DROME",85.9,149,8.69e-41
"GWK47_044956",-0.0511386391437757,"negative","PC2",NA,"hypothetical protein","KAG0722200.1",NA,NA,NA,NA,NA,NA,NA
"GWK47_013481",-0.0511326749289686,"negative","PC2","LEC1","C-type lectin","KAG0714775.1",NA,"C6JUN9","LEC1","MICCO",34.4,128,5.53e-20
"GWK47_018395",-0.0508279183389686,"negative","PC2","MRC1_0","Macrophage mannose receptor 1","KAG0712468.1",NA,"Q9UBG0","MRC2","HUMAN",28.1,295,6.12e-30
"GWK47_035746",-0.0507627473497264,"negative","PC2",NA,"hypothetical protein","KAG0726866.1",NA,NA,NA,NA,NA,NA,NA
"GWK47_012393",-0.0506525476197331,"negative","PC2","mas","Protein masquerade","KAG0715248.1","GO:0004252","Q9VZH2","MAS","DROME",86.7,249,1.85e-152
"GWK47_012393",-0.0506525476197331,"negative","PC2","mas","Protein masquerade","KAG0715248.1","GO:0006508","Q9VZH2","MAS","DROME",86.7,249,1.85e-152
"GWK47_005843",-0.0497135308324478,"negative","PC2","Ldlrad3","Low-density lipoprotein receptor class A domain-containing protein 3","KAG0722784.1","GO:0005515",NA,NA,NA,NA,NA,NA
"GWK47_028697",-0.0491292571530487,"negative","PC2","Nep2_0","Neprilysin-2","KAG0730217.1","GO:0004222","A0A0B4K692","NEP2","DROME",52.1,472,1.04e-175
"GWK47_028697",-0.0491292571530487,"negative","PC2","Nep2_0","Neprilysin-2","KAG0730217.1","GO:0006508","A0A0B4K692","NEP2","DROME",52.1,472,1.04e-175
"GWK47_028697",-0.0491292571530487,"negative","PC2","Nep2_0","Neprilysin-2","KAG0730217.1","GO:0008237","A0A0B4K692","NEP2","DROME",52.1,472,1.04e-175
"GWK47_004076",-0.0490884105910822,"negative","PC2",NA,"hypothetical protein","KAG0727040.1","GO:0005515",NA,NA,NA,NA,NA,NA
"GWK47_004076",-0.0490884105910822,"negative","PC2",NA,"hypothetical protein","KAG0727039.1","GO:0005515",NA,NA,NA,NA,NA,NA
"GWK47_037408",-0.0490657965579061,"negative","PC2","ANPEP_2","Aminopeptidase Ey","KAG0726038.1",NA,"O57579","AMPN","CHICK",36,178,2.21e-38
"GWK47_025690",-0.0485726362876951,"negative","PC2","Malrd1_2","MAM and LDL-receptor class A domain-containing protein 1","KAG0700094.1","GO:0003824","H9J9M0","CDA1","BOMMO",45.9,479,6.21e-147
"GWK47_025690",-0.0485726362876951,"negative","PC2","Malrd1_2","MAM and LDL-receptor class A domain-containing protein 1","KAG0700094.1","GO:0005515","H9J9M0","CDA1","BOMMO",45.9,479,6.21e-147
"GWK47_025690",-0.0485726362876951,"negative","PC2","Malrd1_2","MAM and LDL-receptor class A domain-containing protein 1","KAG0700094.1","GO:0005576","H9J9M0","CDA1","BOMMO",45.9,479,6.21e-147
"GWK47_025690",-0.0485726362876951,"negative","PC2","Malrd1_2","MAM and LDL-receptor class A domain-containing protein 1","KAG0700094.1","GO:0005975","H9J9M0","CDA1","BOMMO",45.9,479,6.21e-147
"GWK47_025690",-0.0485726362876951,"negative","PC2","Malrd1_2","MAM and LDL-receptor class A domain-containing protein 1","KAG0700094.1","GO:0006030","H9J9M0","CDA1","BOMMO",45.9,479,6.21e-147
"GWK47_025690",-0.0485726362876951,"negative","PC2","Malrd1_2","MAM and LDL-receptor class A domain-containing protein 1","KAG0700094.1","GO:0008061","H9J9M0","CDA1","BOMMO",45.9,479,6.21e-147
"GWK47_034065",-0.0484476495215598,"negative","PC2",NA,"hypothetical protein","KAG0727725.1","GO:0005515",NA,NA,NA,NA,NA,NA
"GWK47_043407",-0.0482336767975183,"negative","PC2",NA,"hypothetical protein","KAG0723027.1",NA,NA,NA,NA,NA,NA,NA
"GWK47_016603",-0.0478924686012671,"negative","PC2",NA,"hypothetical protein","KAG0713252.1",NA,NA,NA,NA,NA,NA,NA
"GWK47_006061",-0.047741848948459,"negative","PC2","LRP1_1","Prolow-density lipoprotein receptor-related protein 1","KAG0722392.1","GO:0005515",NA,NA,NA,NA,NA,NA
"GWK47_018134",-0.0472653707948599,"negative","PC2","Phm","Peptidylglycine alpha-hydroxylating monooxygenase","KAG0712602.1","GO:0003824","O01404","PHM","DROME",60.9,151,1.7e-60
"GWK47_018134",-0.0472653707948599,"negative","PC2","Phm","Peptidylglycine alpha-hydroxylating monooxygenase","KAG0712602.1","GO:0004497","O01404","PHM","DROME",60.9,151,1.7e-60
"GWK47_018134",-0.0472653707948599,"negative","PC2","Phm","Peptidylglycine alpha-hydroxylating monooxygenase","KAG0712602.1","GO:0005507","O01404","PHM","DROME",60.9,151,1.7e-60
"GWK47_018134",-0.0472653707948599,"negative","PC2","Phm","Peptidylglycine alpha-hydroxylating monooxygenase","KAG0712602.1","GO:0016715","O01404","PHM","DROME",60.9,151,1.7e-60
"GWK47_018134",-0.0472653707948599,"negative","PC2","Phm","Peptidylglycine alpha-hydroxylating monooxygenase","KAG0712602.1","GO:0055114","O01404","PHM","DROME",60.9,151,1.7e-60
"GWK47_039354",-0.0469372818328817,"negative","PC2",NA,"Proton channel OtopLc","KAG0725053.1",NA,"B7Z0W9","OTOP","DROME",45.4,97,2.49e-23
"GWK47_028696",-0.0458354104912971,"negative","PC2","Nep2_1","Neprilysin-2","KAG0730216.1","GO:0006508","A0A0B4K692","NEP2","DROME",43,223,5.8e-54
"GWK47_028696",-0.0458354104912971,"negative","PC2","Nep2_1","Neprilysin-2","KAG0730216.1","GO:0008237","A0A0B4K692","NEP2","DROME",43,223,5.8e-54
"GWK47_043346",-0.0437175955142607,"negative","PC2","olpB_2","Cell surface glycoprotein 1","KAG0723060.1","GO:0005515","O18023","IGDB2","CAEEL",20.1,947,3.76e-32
"GWK47_018133",-0.0423746706369619,"negative","PC2","pghm-1","putative peptidylglycine alpha-hydroxylating monooxygenase 1","KAG0712601.1","GO:0003824","Q95XM2","PHM","CAEEL",50,94,2.24e-23
"GWK47_018133",-0.0423746706369619,"negative","PC2","pghm-1","putative peptidylglycine alpha-hydroxylating monooxygenase 1","KAG0712601.1","GO:0006518","Q95XM2","PHM","CAEEL",50,94,2.24e-23
"GWK47_018133",-0.0423746706369619,"negative","PC2","pghm-1","putative peptidylglycine alpha-hydroxylating monooxygenase 1","KAG0712601.1","GO:0016020","Q95XM2","PHM","CAEEL",50,94,2.24e-23
"GWK47_018133",-0.0423746706369619,"negative","PC2","pghm-1","putative peptidylglycine alpha-hydroxylating monooxygenase 1","KAG0712601.1","GO:0016715","Q95XM2","PHM","CAEEL",50,94,2.24e-23
"GWK47_018133",-0.0423746706369619,"negative","PC2","pghm-1","putative peptidylglycine alpha-hydroxylating monooxygenase 1","KAG0712601.1","GO:0055114","Q95XM2","PHM","CAEEL",50,94,2.24e-23
"GWK47_046633",-0.0419152853979946,"negative","PC2","Lrp2_3","Low-density lipoprotein receptor-related protein 2","KAG0721365.1","GO:0005515",NA,NA,NA,NA,NA,NA
"GWK47_035747",-0.0412852727132872,"negative","PC2",NA,"hypothetical protein","KAG0726867.1",NA,NA,NA,NA,NA,NA,NA
"GWK47_025788",-0.0411991564121476,"negative","PC2",NA,"hypothetical protein","KAG0699537.1",NA,NA,NA,NA,NA,NA,NA
"GWK47_029129",-0.0407799402582889,"negative","PC2","lrp-1_1","Low-density lipoprotein receptor-related protein","KAG0730038.1","GO:0005515","P98164","LRP2","HUMAN",35.3,1078,1.9e-53
"GWK47_049593",-0.0405685307447495,"negative","PC2","Pnlip_1","Pancreatic triacylglycerol lipase","KAG0719866.1","GO:0004806","Q6P8U6","LIPP","MOUSE",40.1,347,1.84e-85
"GWK47_049593",-0.0405685307447495,"negative","PC2","Pnlip_1","Pancreatic triacylglycerol lipase","KAG0719866.1","GO:0006629","Q6P8U6","LIPP","MOUSE",40.1,347,1.84e-85
"GWK47_049593",-0.0405685307447495,"negative","PC2","Pnlip_1","Pancreatic triacylglycerol lipase","KAG0719866.1","GO:0052689","Q6P8U6","LIPP","MOUSE",40.1,347,1.84e-85
"GWK47_005844",-0.0404390404343658,"negative","PC2",NA,"hypothetical protein","KAG0722785.1",NA,NA,NA,NA,NA,NA,NA
"GWK47_004077",-0.039783833389677,"negative","PC2","Ttn_1","Titin","KAG0727041.1","GO:0005515",NA,NA,NA,NA,NA,NA
"GWK47_004077",-0.039783833389677,"negative","PC2","Ttn_1","Titin","KAG0727042.1","GO:0005515",NA,NA,NA,NA,NA,NA
"GWK47_029130",-0.0393879554654957,"negative","PC2","Lrp2_1","Low-density lipoprotein receptor-related protein 2","KAG0730039.1","GO:0005509","C0HL13","LRP2","PIG",31.5,594,1.17e-93
"GWK47_029130",-0.0393879554654957,"negative","PC2","Lrp2_1","Low-density lipoprotein receptor-related protein 2","KAG0730039.1","GO:0005515","C0HL13","LRP2","PIG",31.5,594,1.17e-93
"GWK47_048101",-0.0392987233133584,"negative","PC2",NA,"hypothetical protein","KAG0720647.1",NA,NA,NA,NA,NA,NA,NA
"GWK47_028694",-0.0392171754810278,"negative","PC2",NA,"hypothetical protein","KAG0730215.1",NA,NA,NA,NA,NA,NA,NA
"GWK47_033199",-0.0389255696421094,"negative","PC2",NA,"hypothetical protein","KAG0728104.1",NA,NA,NA,NA,NA,NA,NA
"GWK47_054931",-0.0387605845226088,"negative","PC2","pip_0","Heparan sulfate 2-O-sulfotransferase pipe","KAG0717197.1","GO:0008146","Q86BJ3","UST","DROME",44.8,288,8.72e-75
"GWK47_054931",-0.0387605845226088,"negative","PC2","pip_0","Heparan sulfate 2-O-sulfotransferase pipe","KAG0717197.1","GO:0016021","Q86BJ3","UST","DROME",44.8,288,8.72e-75
"GWK47_020793",-0.0382283449550084,"negative","PC2","CSGALNACT2","Chondroitin sulfate N-acetylgalactosaminyltransferase 2","KAG0711348.1","GO:0008376","Q8N6G5","CGAT2","HUMAN",47.9,407,5.82e-128
"GWK47_020793",-0.0382283449550084,"negative","PC2","CSGALNACT2","Chondroitin sulfate N-acetylgalactosaminyltransferase 2","KAG0711348.1","GO:0032580","Q8N6G5","CGAT2","HUMAN",47.9,407,5.82e-128
"GWK47_002915",-0.0378788144147299,"negative","PC2","CHST11","Carbohydrate sulfotransferase 11","KAG0701623.1","GO:0008146",NA,NA,NA,NA,NA,NA
"GWK47_002915",-0.0378788144147299,"negative","PC2","CHST11","Carbohydrate sulfotransferase 11","KAG0701623.1","GO:0016021",NA,NA,NA,NA,NA,NA
"GWK47_020942",-0.0368826472572198,"negative","PC2",NA,"hypothetical protein","KAG0711277.1","GO:0005576",NA,NA,NA,NA,NA,NA
"GWK47_020942",-0.0368826472572198,"negative","PC2",NA,"hypothetical protein","KAG0711277.1","GO:0030414",NA,NA,NA,NA,NA,NA
"GWK47_026454",-0.0367342730919234,"negative","PC2","TGFBI","Transforming growth factor-beta-induced protein ig-h3","KAG0696672.1",NA,"P55906","BGH3","BOVIN",24.6,642,2.15e-47
"GWK47_014258",-0.0366549758626435,"negative","PC2",NA,"hypothetical protein","KAG0714388.1",NA,NA,NA,NA,NA,NA,NA
"GWK47_004077",0.0878349403976198,"positive","PC3","Ttn_1","Titin","KAG0727041.1","GO:0005515",NA,NA,NA,NA,NA,NA
"GWK47_004077",0.0878349403976198,"positive","PC3","Ttn_1","Titin","KAG0727042.1","GO:0005515",NA,NA,NA,NA,NA,NA
"GWK47_004076",0.0683714736631629,"positive","PC3",NA,"hypothetical protein","KAG0727040.1","GO:0005515",NA,NA,NA,NA,NA,NA
"GWK47_004076",0.0683714736631629,"positive","PC3",NA,"hypothetical protein","KAG0727039.1","GO:0005515",NA,NA,NA,NA,NA,NA
"GWK47_022355",0.0667336511466135,"positive","PC3","Pnliprp1_0","Inactive pancreatic lipase-related protein 1","KAG0710654.1","GO:0006629","Q5BKQ4","LIPR1","MOUSE",35.2,310,1.14e-42
"GWK47_022355",0.0667336511466135,"positive","PC3","Pnliprp1_0","Inactive pancreatic lipase-related protein 1","KAG0710654.1","GO:0052689","Q5BKQ4","LIPR1","MOUSE",35.2,310,1.14e-42
"GWK47_048488",0.0644491037356059,"positive","PC3",NA,"hypothetical protein","KAG0720453.1",NA,NA,NA,NA,NA,NA,NA
"GWK47_054023",0.0543521546465692,"positive","PC3","bhmt_1","Betaine--homocysteine S-methyltransferase 1","KAG0717646.1","GO:0008270","Q5XGM3","BHMT1","XENLA",55.8,292,2.54e-115
"GWK47_054023",0.0543521546465692,"positive","PC3","bhmt_1","Betaine--homocysteine S-methyltransferase 1","KAG0717646.1","GO:0009086","Q5XGM3","BHMT1","XENLA",55.8,292,2.54e-115
"GWK47_054023",0.0543521546465692,"positive","PC3","bhmt_1","Betaine--homocysteine S-methyltransferase 1","KAG0717646.1","GO:0047150","Q5XGM3","BHMT1","XENLA",55.8,292,2.54e-115
"GWK47_002621",0.0516486882134813,"positive","PC3",NA,"hypothetical protein","KAG0709983.1",NA,NA,NA,NA,NA,NA,NA
"GWK47_032395",0.0493457116720564,"positive","PC3","HSP7D","Heat shock protein cognate 4","KAG0728470.1",NA,"Q9U639","HSP7D","MANSE",78.2,651,0
"GWK47_048439",0.0490917768218358,"positive","PC3","nas-4_1","Zinc metalloproteinase nas-4","KAG0720478.1","GO:0004222","P55112","NAS4","CAEEL",34.8,227,4.6e-41
"GWK47_048439",0.0490917768218358,"positive","PC3","nas-4_1","Zinc metalloproteinase nas-4","KAG0720478.1","GO:0006508","P55112","NAS4","CAEEL",34.8,227,4.6e-41
"GWK47_048439",0.0490917768218358,"positive","PC3","nas-4_1","Zinc metalloproteinase nas-4","KAG0720478.1","GO:0008237","P55112","NAS4","CAEEL",34.8,227,4.6e-41
"GWK47_048439",0.0490917768218358,"positive","PC3","nas-4_1","Zinc metalloproteinase nas-4","KAG0720478.1","GO:0008270","P55112","NAS4","CAEEL",34.8,227,4.6e-41
"GWK47_001137",0.0486720902112495,"positive","PC3","GstD7_1","Glutathione S-transferase D7","KAG0716066.1","GO:0005515","O76483","GSTT7","ANOGA",40.7,221,8.2e-47
"GWK47_001137",0.0486720902112495,"positive","PC3","GstD7_1","Glutathione S-transferase D7","KAG0716067.1","GO:0005515","O76483","GSTT7","ANOGA",40.7,221,8.2e-47
"GWK47_016850",0.0484236085984603,"positive","PC3","Gxylt2","Glucoside xylosyltransferase 2","KAG0713148.1","GO:0016757","Q810K9","GXLT2","MOUSE",33.2,289,7.86e-43
"GWK47_032196",0.04818016767589,"positive","PC3","PLGRKT_0","Plasminogen receptor (KT)","KAG0728577.1","GO:0005887","Q9HBL7","PLRKT","HUMAN",41.3,92,2.65e-15
"GWK47_032196",0.04818016767589,"positive","PC3","PLGRKT_0","Plasminogen receptor (KT)","KAG0728577.1","GO:0010756","Q9HBL7","PLRKT","HUMAN",41.3,92,2.65e-15
"GWK47_027303",0.0481648588992369,"positive","PC3","l(2)efl_1","Protein lethal(2)essential for life","KAG0694040.1",NA,"P82147","L2EFL","DROME",33.8,130,1.07e-12
"GWK47_043943",0.0477119496776065,"positive","PC3","ACT_2","actin","KAG0722745.1",NA,"P45521","ACT","PROCL",77.4,257,6.4e-153
"GWK47_048489",0.0475870927604367,"positive","PC3",NA,"hypothetical protein","KAG0720454.1",NA,NA,NA,NA,NA,NA,NA
"GWK47_004697",0.0469585985595819,"positive","PC3","Hsp22_1","Heat shock protein 22","KAG0725432.1",NA,"P02515","HSP22","DROME",46.8,77,5.92e-11
"GWK47_022806",0.0456158077934685,"positive","PC3","Mhc_2","Myosin heavy chain, muscle","KAG0710435.1","GO:0003774","P05661","MYSA","DROME",59.9,1900,0
"GWK47_022806",0.0456158077934685,"positive","PC3","Mhc_2","Myosin heavy chain, muscle","KAG0710435.1","GO:0005515","P05661","MYSA","DROME",59.9,1900,0
"GWK47_022806",0.0456158077934685,"positive","PC3","Mhc_2","Myosin heavy chain, muscle","KAG0710435.1","GO:0005524","P05661","MYSA","DROME",59.9,1900,0
"GWK47_022806",0.0456158077934685,"positive","PC3","Mhc_2","Myosin heavy chain, muscle","KAG0710435.1","GO:0016459","P05661","MYSA","DROME",59.9,1900,0
"GWK47_022806",0.0456158077934685,"positive","PC3","Mhc_2","Myosin heavy chain, muscle","KAG0710435.1","GO:0051015","P05661","MYSA","DROME",59.9,1900,0
"GWK47_029204",0.044663764419919,"positive","PC3","hsp90a.1","Heat shock protein HSP 90-alpha 1","KAG0729994.1","GO:0005524","P11501","HS90A","CHICK",77.9,723,0
"GWK47_029204",0.044663764419919,"positive","PC3","hsp90a.1","Heat shock protein HSP 90-alpha 1","KAG0729994.1","GO:0006457","P11501","HS90A","CHICK",77.9,723,0
"GWK47_029204",0.044663764419919,"positive","PC3","hsp90a.1","Heat shock protein HSP 90-alpha 1","KAG0729994.1","GO:0051082","P11501","HS90A","CHICK",77.9,723,0
"GWK47_022803",0.0444006730131346,"positive","PC3","Mhc_1","Myosin heavy chain, muscle","KAG0710434.1","GO:0003774","P05661","MYSA","DROME",70.1,244,6.72e-113
"GWK47_022803",0.0444006730131346,"positive","PC3","Mhc_1","Myosin heavy chain, muscle","KAG0710434.1","GO:0005524","P05661","MYSA","DROME",70.1,244,6.72e-113
"GWK47_022803",0.0444006730131346,"positive","PC3","Mhc_1","Myosin heavy chain, muscle","KAG0710434.1","GO:0016459","P05661","MYSA","DROME",70.1,244,6.72e-113
"GWK47_039310",0.0443454956013939,"positive","PC3","STEAP4","Metalloreductase STEAP4","KAG0725066.1",NA,"Q687X5","STEA4","HUMAN",40.3,295,1.33e-57
"GWK47_022807",0.0434603286355242,"positive","PC3","Mhc_3","Myosin heavy chain, muscle","KAG0710436.1","GO:0003774","P05661","MYSA","DROME",60.7,858,0
"GWK47_022807",0.0434603286355242,"positive","PC3","Mhc_3","Myosin heavy chain, muscle","KAG0710436.1","GO:0005515","P05661","MYSA","DROME",60.7,858,0
"GWK47_022807",0.0434603286355242,"positive","PC3","Mhc_3","Myosin heavy chain, muscle","KAG0710436.1","GO:0005524","P05661","MYSA","DROME",60.7,858,0
"GWK47_022807",0.0434603286355242,"positive","PC3","Mhc_3","Myosin heavy chain, muscle","KAG0710436.1","GO:0016459","P05661","MYSA","DROME",60.7,858,0
"GWK47_022807",0.0434603286355242,"positive","PC3","Mhc_3","Myosin heavy chain, muscle","KAG0710436.1","GO:0051015","P05661","MYSA","DROME",60.7,858,0
"GWK47_043942",0.0429028404746392,"positive","PC3","ACT3","Actin-3, muscle-specific","KAG0722744.1",NA,"P18600","ACT1","ARTSX",89.5,257,2.13e-166
"GWK47_022907",0.0427543710036764,"positive","PC3",NA,"hypothetical protein","KAG0710389.1",NA,NA,NA,NA,NA,NA,NA
"GWK47_032368",0.0426003160795995,"positive","PC3",NA,"hypothetical protein","KAG0728481.1",NA,NA,NA,NA,NA,NA,NA
"GWK47_042066",0.042042377362776,"positive","PC3",NA,"hypothetical protein","KAG0723723.1",NA,NA,NA,NA,NA,NA,NA
"GWK47_024326",0.0417310619996221,"positive","PC3","TNNC","Troponin C","KAG0706563.1","GO:0005509","P06708","TNNC2","ASTLP",56.1,139,1.25e-47
"GWK47_028242",0.041527161551435,"positive","PC3",NA,"hypothetical protein","KAG0730448.1",NA,NA,NA,NA,NA,NA,NA
"GWK47_023556",0.0410573095556605,"positive","PC3",NA,"hypothetical protein","KAG0710070.1",NA,NA,NA,NA,NA,NA,NA
"GWK47_031733",0.0406058131883152,"positive","PC3","ANPEP_1","Endoplasmic reticulum aminopeptidase 1","KAG0728779.1","GO:0006508","Q9JJ22","ERAP1","RAT",40.9,274,7.58e-59
"GWK47_031733",0.0406058131883152,"positive","PC3","ANPEP_1","Endoplasmic reticulum aminopeptidase 1","KAG0728779.1","GO:0008237","Q9JJ22","ERAP1","RAT",40.9,274,7.58e-59
"GWK47_031733",0.0406058131883152,"positive","PC3","ANPEP_1","Endoplasmic reticulum aminopeptidase 1","KAG0728779.1","GO:0008270","Q9JJ22","ERAP1","RAT",40.9,274,7.58e-59
"GWK47_031733",0.0406058131883152,"positive","PC3","ANPEP_1","Endoplasmic reticulum aminopeptidase 1","KAG0728778.1","GO:0006508","P15144","AMPN","HUMAN",41,575,9.98e-133
"GWK47_031733",0.0406058131883152,"positive","PC3","ANPEP_1","Endoplasmic reticulum aminopeptidase 1","KAG0728778.1","GO:0008237","P15144","AMPN","HUMAN",41,575,9.98e-133
"GWK47_031733",0.0406058131883152,"positive","PC3","ANPEP_1","Endoplasmic reticulum aminopeptidase 1","KAG0728778.1","GO:0008270","P15144","AMPN","HUMAN",41,575,9.98e-133
"GWK47_037408",0.0402811578266831,"positive","PC3","ANPEP_2","Aminopeptidase Ey","KAG0726038.1",NA,"O57579","AMPN","CHICK",36,178,2.21e-38
"GWK47_042067",0.0397641968695382,"positive","PC3",NA,"hypothetical protein","KAG0723724.1",NA,NA,NA,NA,NA,NA,NA
"GWK47_013075",0.0395967211895638,"positive","PC3",NA,"hypothetical protein","KAG0714950.1",NA,NA,NA,NA,NA,NA,NA
"GWK47_036064",0.0395122905345533,"positive","PC3","SMYD3_1","Histone-lysine N-methyltransferase SMYD3","KAG0726672.1","GO:0005515","Q8I4F7","SMYDL","CAEEL",28.4,296,1.19e-27
"GWK47_008934",0.0392333212949889,"positive","PC3","Jph1","Junctophilin-1","KAG0716750.1",NA,"Q9ET77","JPH3","MOUSE",48.4,244,1.52e-27
"GWK47_053680",0.0389361577731621,"positive","PC3","TNNC1","Troponin C, isotype alpha","KAG0717811.1","GO:0005509","P06708","TNNC2","ASTLP",89.8,88,2.09e-49
"GWK47_028696",0.0387444674068623,"positive","PC3","Nep2_1","Neprilysin-2","KAG0730216.1","GO:0006508","A0A0B4K692","NEP2","DROME",43,223,5.8e-54
"GWK47_028696",0.0387444674068623,"positive","PC3","Nep2_1","Neprilysin-2","KAG0730216.1","GO:0008237","A0A0B4K692","NEP2","DROME",43,223,5.8e-54
"GWK47_020776",0.0386891888636092,"positive","PC3","Ankrd17_0","Ankyrin repeat domain-containing protein 17","KAG0711352.1","GO:0005515",NA,NA,NA,NA,NA,NA
"GWK47_022800",0.038361332370934,"positive","PC3","Mhc_0","Myosin heavy chain, muscle","KAG0710433.1","GO:0003774","P02566","MYO4","CAEEL",64.3,171,3.17e-25
"GWK47_022800",0.038361332370934,"positive","PC3","Mhc_0","Myosin heavy chain, muscle","KAG0710433.1","GO:0016459","P02566","MYO4","CAEEL",64.3,171,3.17e-25
"GWK47_028697",0.038183672598471,"positive","PC3","Nep2_0","Neprilysin-2","KAG0730217.1","GO:0004222","A0A0B4K692","NEP2","DROME",52.1,472,1.04e-175
"GWK47_028697",0.038183672598471,"positive","PC3","Nep2_0","Neprilysin-2","KAG0730217.1","GO:0006508","A0A0B4K692","NEP2","DROME",52.1,472,1.04e-175
"GWK47_028697",0.038183672598471,"positive","PC3","Nep2_0","Neprilysin-2","KAG0730217.1","GO:0008237","A0A0B4K692","NEP2","DROME",52.1,472,1.04e-175
"GWK47_000749",0.0381700714216368,"positive","PC3","Prm","Paramyosin, long form","KAG0719394.1","GO:0003774","P35415","MYSP1","DROME",48.4,830,4e-152
"GWK47_000749",0.0381700714216368,"positive","PC3","Prm","Paramyosin, long form","KAG0719394.1","GO:0016459","P35415","MYSP1","DROME",48.4,830,4e-152
"GWK47_053882",0.0380167113324243,"positive","PC3",NA,"hypothetical protein","KAG0717716.1","GO:0005576",NA,NA,NA,NA,NA,NA
"GWK47_053882",0.0380167113324243,"positive","PC3",NA,"hypothetical protein","KAG0717716.1","GO:0006030",NA,NA,NA,NA,NA,NA
"GWK47_053882",0.0380167113324243,"positive","PC3",NA,"hypothetical protein","KAG0717716.1","GO:0008061",NA,NA,NA,NA,NA,NA
"GWK47_025189",0.0379127515707583,"positive","PC3","CLEC3B","Tetranectin","KAG0701999.1",NA,NA,NA,NA,NA,NA,NA
"GWK47_032198",0.0375747374680201,"positive","PC3","RpL23_43","60S ribosomal protein L23","KAG0728578.1","GO:0003735","P48159","RL23","DROME",70.2,57,1.79e-16
"GWK47_032198",0.0375747374680201,"positive","PC3","RpL23_43","60S ribosomal protein L23","KAG0728578.1","GO:0005840","P48159","RL23","DROME",70.2,57,1.79e-16
"GWK47_032198",0.0375747374680201,"positive","PC3","RpL23_43","60S ribosomal protein L23","KAG0728578.1","GO:0006412","P48159","RL23","DROME",70.2,57,1.79e-16
"GWK47_017690",0.0374349075935047,"positive","PC3","SmydA-8_0","SET domain-containing protein SmydA-8, isoform A","KAG0712785.1","GO:0005515","O46040","MSTAA","DROME",31.7,315,6.07e-34
"GWK47_039104",0.0369403091336481,"positive","PC3","Mlc1","Myosin light chain alkali","KAG0725178.1","GO:0005509","J7HCX7","MLC1","PROCL",90.2,153,4.71e-98
"GWK47_038651",0.0367714279670673,"positive","PC3","Slc8a1","Sodium/calcium exchanger 1","KAG0725461.1","GO:0005432","P70414","NAC1","MOUSE",38.4,490,5.13e-88
"GWK47_038651",0.0367714279670673,"positive","PC3","Slc8a1","Sodium/calcium exchanger 1","KAG0725461.1","GO:0006816","P70414","NAC1","MOUSE",38.4,490,5.13e-88
"GWK47_038651",0.0367714279670673,"positive","PC3","Slc8a1","Sodium/calcium exchanger 1","KAG0725461.1","GO:0016020","P70414","NAC1","MOUSE",38.4,490,5.13e-88
"GWK47_038651",0.0367714279670673,"positive","PC3","Slc8a1","Sodium/calcium exchanger 1","KAG0725461.1","GO:0016021","P70414","NAC1","MOUSE",38.4,490,5.13e-88
"GWK47_038651",0.0367714279670673,"positive","PC3","Slc8a1","Sodium/calcium exchanger 1","KAG0725461.1","GO:0055085","P70414","NAC1","MOUSE",38.4,490,5.13e-88
"GWK47_051989",0.0364968887264297,"positive","PC3",NA,"hypothetical protein","KAG0718680.1",NA,NA,NA,NA,NA,NA,NA
"GWK47_054155",0.0362049759365922,"positive","PC3","FCN2_2","Ficolin-2","KAG0717566.1",NA,"D8VNS7","FCNV1","CERRY",50.2,221,7.72e-70
"GWK47_035794",0.0361482534879499,"positive","PC3",NA,"hypothetical protein","KAG0726837.1","GO:0005576",NA,NA,NA,NA,NA,NA
"GWK47_035794",0.0361482534879499,"positive","PC3",NA,"hypothetical protein","KAG0726837.1","GO:0006030",NA,NA,NA,NA,NA,NA
"GWK47_035794",0.0361482534879499,"positive","PC3",NA,"hypothetical protein","KAG0726837.1","GO:0008061",NA,NA,NA,NA,NA,NA
"GWK47_043378",0.0359214164300632,"positive","PC3","sls_1","Titin","KAG0723051.1",NA,"Q9I7U4","TITIN","DROME",56.2,486,7.98e-184
"GWK47_004712",0.0357809832351392,"positive","PC3",NA,"hypothetical protein","KAG0725374.1","GO:0005525",NA,NA,NA,NA,NA,NA
"GWK47_043407",-0.101578063511056,"negative","PC3",NA,"hypothetical protein","KAG0723027.1",NA,NA,NA,NA,NA,NA,NA
"GWK47_024010",-0.0663508829464151,"negative","PC3",NA,"hypothetical protein","KAG0708482.1","GO:0003824","H9J9M0","CDA1","BOMMO",47.2,489,7.46e-158
"GWK47_024010",-0.0663508829464151,"negative","PC3",NA,"hypothetical protein","KAG0708482.1","GO:0005515","H9J9M0","CDA1","BOMMO",47.2,489,7.46e-158
"GWK47_024010",-0.0663508829464151,"negative","PC3",NA,"hypothetical protein","KAG0708482.1","GO:0005576","H9J9M0","CDA1","BOMMO",47.2,489,7.46e-158
"GWK47_024010",-0.0663508829464151,"negative","PC3",NA,"hypothetical protein","KAG0708482.1","GO:0005975","H9J9M0","CDA1","BOMMO",47.2,489,7.46e-158
"GWK47_024010",-0.0663508829464151,"negative","PC3",NA,"hypothetical protein","KAG0708482.1","GO:0006030","H9J9M0","CDA1","BOMMO",47.2,489,7.46e-158
"GWK47_024010",-0.0663508829464151,"negative","PC3",NA,"hypothetical protein","KAG0708482.1","GO:0008061","H9J9M0","CDA1","BOMMO",47.2,489,7.46e-158
"GWK47_025137",-0.0590297951005256,"negative","PC3","obst-E_2","Protein obstructor-E","KAG0702295.1","GO:0005576","Q9VMM6","OBSTE","DROME",32.2,183,1.74e-21
"GWK47_025137",-0.0590297951005256,"negative","PC3","obst-E_2","Protein obstructor-E","KAG0702295.1","GO:0006030","Q9VMM6","OBSTE","DROME",32.2,183,1.74e-21
"GWK47_025137",-0.0590297951005256,"negative","PC3","obst-E_2","Protein obstructor-E","KAG0702295.1","GO:0008061","Q9VMM6","OBSTE","DROME",32.2,183,1.74e-21
"GWK47_018395",-0.0584539825901483,"negative","PC3","MRC1_0","Macrophage mannose receptor 1","KAG0712468.1",NA,"Q9UBG0","MRC2","HUMAN",28.1,295,6.12e-30
"GWK47_053415",-0.0507828490711667,"negative","PC3","doxa-1","Dual oxidase maturation factor 1","KAG0717953.1","GO:0005789","Q1HG43","DOXA1","HUMAN",36.2,221,1.79e-27
"GWK47_053415",-0.0507828490711667,"negative","PC3","doxa-1","Dual oxidase maturation factor 1","KAG0717953.1","GO:0015031","Q1HG43","DOXA1","HUMAN",36.2,221,1.79e-27
"GWK47_053415",-0.0507828490711667,"negative","PC3","doxa-1","Dual oxidase maturation factor 1","KAG0717953.1","GO:0016021","Q1HG43","DOXA1","HUMAN",36.2,221,1.79e-27
"GWK47_021140",-0.0495026888020043,"negative","PC3",NA,"hypothetical protein","KAG0711189.1",NA,NA,NA,NA,NA,NA,NA
"GWK47_047904",-0.0480315578640897,"negative","PC3",NA,"hypothetical protein","KAG0720717.1",NA,NA,NA,NA,NA,NA,NA
"GWK47_026680",-0.0469075401450604,"negative","PC3",NA,"hypothetical protein","KAG0695963.1",NA,NA,NA,NA,NA,NA,NA
"GWK47_040824",-0.0468663850709165,"negative","PC3",NA,"hypothetical protein","KAG0724317.1",NA,NA,NA,NA,NA,NA,NA
"GWK47_021142",-0.0463004879771841,"negative","PC3",NA,"hypothetical protein","KAG0711190.1",NA,NA,NA,NA,NA,NA,NA
"GWK47_008568",-0.0458317903493657,"negative","PC3","POMGNT1","Protein O-linked-mannose beta-1,2-N-acetylglucosaminyltransferase 1","KAG0716899.1","GO:0006486","Q5EAB6","PMGT1","BOVIN",29.1,539,6.27e-43
"GWK47_008568",-0.0458317903493657,"negative","PC3","POMGNT1","Protein O-linked-mannose beta-1,2-N-acetylglucosaminyltransferase 1","KAG0716899.1","GO:0008375","Q5EAB6","PMGT1","BOVIN",29.1,539,6.27e-43
"GWK47_055073",-0.0455295904360433,"negative","PC3",NA,"hypothetical protein","KAG0717152.1",NA,NA,NA,NA,NA,NA,NA
"GWK47_010562",-0.0441562534976578,"negative","PC3",NA,"hypothetical protein","KAG0716026.1",NA,NA,NA,NA,NA,NA,NA
"GWK47_051599",-0.0435950948733856,"negative","PC3",NA,"hypothetical protein","KAG0718890.1",NA,NA,NA,NA,NA,NA,NA
"GWK47_020378",-0.0430048803668666,"negative","PC3","PLDBETA2","Phospholipase D beta 2","KAG0711561.1","GO:0003824","O23078","PLDB2","ARATH",35.8,812,3.9e-148
"GWK47_048516",-0.0426675599613755,"negative","PC3","SLC37A4","Glucose-6-phosphate exchanger SLC37A4","KAG0720442.1","GO:0016021","O43826","G6PT1","HUMAN",30.4,513,3.73e-69
"GWK47_048516",-0.0426675599613755,"negative","PC3","SLC37A4","Glucose-6-phosphate exchanger SLC37A4","KAG0720442.1","GO:0055085","O43826","G6PT1","HUMAN",30.4,513,3.73e-69
"GWK47_013481",-0.0424431791543254,"negative","PC3","LEC1","C-type lectin","KAG0714775.1",NA,"C6JUN9","LEC1","MICCO",34.4,128,5.53e-20
"GWK47_024287",-0.0409713058237307,"negative","PC3",NA,"hypothetical protein","KAG0706840.1",NA,NA,NA,NA,NA,NA,NA
"GWK47_054979",-0.0409354786425462,"negative","PC3","Gld_3","Glucose dehydrogenase [FAD, quinone","KAG0717182.1","GO:0016614","P18173","DHGL","DROME",39.7,527,1.4e-104
"GWK47_054979",-0.0409354786425462,"negative","PC3","Gld_3","Glucose dehydrogenase [FAD, quinone","KAG0717182.1","GO:0050660","P18173","DHGL","DROME",39.7,527,1.4e-104
"GWK47_054979",-0.0409354786425462,"negative","PC3","Gld_3","Glucose dehydrogenase [FAD, quinone","KAG0717182.1","GO:0055114","P18173","DHGL","DROME",39.7,527,1.4e-104
"GWK47_041870",-0.0390167865546277,"negative","PC3",NA,"hypothetical protein","KAG0723815.1",NA,NA,NA,NA,NA,NA,NA
"GWK47_008452",-0.0389985660771715,"negative","PC3",NA,"hypothetical protein","KAG0716941.1",NA,NA,NA,NA,NA,NA,NA
"GWK47_036705",-0.0381524504502344,"negative","PC3","Pepck","Phosphoenolpyruvate carboxykinase [GTP","KAG0726386.1","GO:0004611","Q16822","PCKGM","HUMAN",68.6,608,0
"GWK47_036705",-0.0381524504502344,"negative","PC3","Pepck","Phosphoenolpyruvate carboxykinase [GTP","KAG0726386.1","GO:0004613","Q16822","PCKGM","HUMAN",68.6,608,0
"GWK47_036705",-0.0381524504502344,"negative","PC3","Pepck","Phosphoenolpyruvate carboxykinase [GTP","KAG0726386.1","GO:0005525","Q16822","PCKGM","HUMAN",68.6,608,0
"GWK47_036705",-0.0381524504502344,"negative","PC3","Pepck","Phosphoenolpyruvate carboxykinase [GTP","KAG0726386.1","GO:0006094","Q16822","PCKGM","HUMAN",68.6,608,0
"GWK47_036705",-0.0381524504502344,"negative","PC3","Pepck","Phosphoenolpyruvate carboxykinase [GTP","KAG0726386.1","GO:0017076","Q16822","PCKGM","HUMAN",68.6,608,0
"GWK47_009808",-0.037715827564885,"negative","PC3",NA,"hypothetical protein","KAG0716411.1",NA,NA,NA,NA,NA,NA,NA
"GWK47_002017",-0.0376230894397397,"negative","PC3",NA,"hypothetical protein","KAG0712770.1",NA,NA,NA,NA,NA,NA,NA
"GWK47_033646",-0.0376210914611279,"negative","PC3","Gld_2","Glucose dehydrogenase [FAD, quinone","KAG0727895.1","GO:0016614","P18172","DHGL","DROPS",39.2,584,1.05e-119
"GWK47_033646",-0.0376210914611279,"negative","PC3","Gld_2","Glucose dehydrogenase [FAD, quinone","KAG0727895.1","GO:0050660","P18172","DHGL","DROPS",39.2,584,1.05e-119
"GWK47_033646",-0.0376210914611279,"negative","PC3","Gld_2","Glucose dehydrogenase [FAD, quinone","KAG0727895.1","GO:0055114","P18172","DHGL","DROPS",39.2,584,1.05e-119
"GWK47_040827",-0.0374164641385513,"negative","PC3",NA,"hypothetical protein","KAG0724319.1",NA,NA,NA,NA,NA,NA,NA
"GWK47_025037",-0.0373489081296427,"negative","PC3",NA,"hypothetical protein","KAG0702676.1","GO:0003824","H9J9M0","CDA1","BOMMO",64.4,503,5.17e-251
"GWK47_025037",-0.0373489081296427,"negative","PC3",NA,"hypothetical protein","KAG0702676.1","GO:0005515","H9J9M0","CDA1","BOMMO",64.4,503,5.17e-251
"GWK47_025037",-0.0373489081296427,"negative","PC3",NA,"hypothetical protein","KAG0702676.1","GO:0005576","H9J9M0","CDA1","BOMMO",64.4,503,5.17e-251
"GWK47_025037",-0.0373489081296427,"negative","PC3",NA,"hypothetical protein","KAG0702676.1","GO:0005975","H9J9M0","CDA1","BOMMO",64.4,503,5.17e-251
"GWK47_025037",-0.0373489081296427,"negative","PC3",NA,"hypothetical protein","KAG0702676.1","GO:0006030","H9J9M0","CDA1","BOMMO",64.4,503,5.17e-251
"GWK47_025037",-0.0373489081296427,"negative","PC3",NA,"hypothetical protein","KAG0702676.1","GO:0008061","H9J9M0","CDA1","BOMMO",64.4,503,5.17e-251
"GWK47_025037",-0.0373489081296427,"negative","PC3",NA,"hypothetical protein","KAG0702676.1","GO:0016810","H9J9M0","CDA1","BOMMO",64.4,503,5.17e-251
"GWK47_011034",-0.0367935532071765,"negative","PC3",NA,"hypothetical protein","KAG0715832.1",NA,NA,NA,NA,NA,NA,NA
"GWK47_002016",-0.0365409804539933,"negative","PC3",NA,"hypothetical protein","KAG0712769.1",NA,NA,NA,NA,NA,NA,NA
"GWK47_005117",-0.0360995033604231,"negative","PC3","slc39a1_3","Zinc transporter ZIP1","KAG0724457.1","GO:0016020","P59889","S39A1","DANRE",30.6,265,5.14e-28
"GWK47_005117",-0.0360995033604231,"negative","PC3","slc39a1_3","Zinc transporter ZIP1","KAG0724457.1","GO:0030001","P59889","S39A1","DANRE",30.6,265,5.14e-28
"GWK47_005117",-0.0360995033604231,"negative","PC3","slc39a1_3","Zinc transporter ZIP1","KAG0724457.1","GO:0046873","P59889","S39A1","DANRE",30.6,265,5.14e-28
"GWK47_005117",-0.0360995033604231,"negative","PC3","slc39a1_3","Zinc transporter ZIP1","KAG0724457.1","GO:0055085","P59889","S39A1","DANRE",30.6,265,5.14e-28
"GWK47_033809",-0.0359137214236421,"negative","PC3","EST6_3","Venom carboxylesterase-6","KAG0727829.1",NA,"B2D0J5","EST6","APIME",24.7,554,2.59e-40
"GWK47_043555",-0.0356220484181256,"negative","PC3",NA,"hypothetical protein","KAG0722949.1","GO:0003824","H9J9M0","CDA1","BOMMO",37.8,431,1.16e-82
"GWK47_043555",-0.0356220484181256,"negative","PC3",NA,"hypothetical protein","KAG0722949.1","GO:0005576","H9J9M0","CDA1","BOMMO",37.8,431,1.16e-82
"GWK47_043555",-0.0356220484181256,"negative","PC3",NA,"hypothetical protein","KAG0722949.1","GO:0005975","H9J9M0","CDA1","BOMMO",37.8,431,1.16e-82
"GWK47_043555",-0.0356220484181256,"negative","PC3",NA,"hypothetical protein","KAG0722949.1","GO:0006030","H9J9M0","CDA1","BOMMO",37.8,431,1.16e-82
"GWK47_043555",-0.0356220484181256,"negative","PC3",NA,"hypothetical protein","KAG0722949.1","GO:0008061","H9J9M0","CDA1","BOMMO",37.8,431,1.16e-82
"GWK47_053513",-0.0354779874799021,"negative","PC3","Upp1_0","Uridine phosphorylase 1","KAG0717898.1","GO:0003824","P52624","UPP1","MOUSE",43.9,296,1.76e-78
"GWK47_053513",-0.0354779874799021,"negative","PC3","Upp1_0","Uridine phosphorylase 1","KAG0717898.1","GO:0004850","P52624","UPP1","MOUSE",43.9,296,1.76e-78
"GWK47_053513",-0.0354779874799021,"negative","PC3","Upp1_0","Uridine phosphorylase 1","KAG0717898.1","GO:0005737","P52624","UPP1","MOUSE",43.9,296,1.76e-78
"GWK47_053513",-0.0354779874799021,"negative","PC3","Upp1_0","Uridine phosphorylase 1","KAG0717898.1","GO:0009116","P52624","UPP1","MOUSE",43.9,296,1.76e-78
"GWK47_053513",-0.0354779874799021,"negative","PC3","Upp1_0","Uridine phosphorylase 1","KAG0717898.1","GO:0009166","P52624","UPP1","MOUSE",43.9,296,1.76e-78
"GWK47_018812",-0.0354333631885805,"negative","PC3","CYP2L1_1","Cytochrome P450 2L1","KAG0712302.1","GO:0005506","Q27712","CP2L1","PANAR",42.9,196,9.17e-51
"GWK47_018812",-0.0354333631885805,"negative","PC3","CYP2L1_1","Cytochrome P450 2L1","KAG0712302.1","GO:0016705","Q27712","CP2L1","PANAR",42.9,196,9.17e-51
"GWK47_018812",-0.0354333631885805,"negative","PC3","CYP2L1_1","Cytochrome P450 2L1","KAG0712302.1","GO:0020037","Q27712","CP2L1","PANAR",42.9,196,9.17e-51
"GWK47_018812",-0.0354333631885805,"negative","PC3","CYP2L1_1","Cytochrome P450 2L1","KAG0712302.1","GO:0055114","Q27712","CP2L1","PANAR",42.9,196,9.17e-51
"GWK47_017020",-0.0352502493730929,"negative","PC3","Malrd1_0","MAM and LDL-receptor class A domain-containing protein 1","KAG0713087.1","GO:0005515","A2AJX4","MALR1","MOUSE",37.6,306,4.89e-52
"GWK47_017020",-0.0352502493730929,"negative","PC3","Malrd1_0","MAM and LDL-receptor class A domain-containing protein 1","KAG0713087.1","GO:0016020","A2AJX4","MALR1","MOUSE",37.6,306,4.89e-52
"GWK47_002493",-0.0350694478064826,"negative","PC3","SLC4A2","Anion exchange protein 2","KAG0710364.1","GO:0005452","P48746","B3A2","RABIT",43.8,825,7.55e-197
"GWK47_002493",-0.0350694478064826,"negative","PC3","SLC4A2","Anion exchange protein 2","KAG0710364.1","GO:0006820","P48746","B3A2","RABIT",43.8,825,7.55e-197
"GWK47_002493",-0.0350694478064826,"negative","PC3","SLC4A2","Anion exchange protein 2","KAG0710364.1","GO:0008509","P48746","B3A2","RABIT",43.8,825,7.55e-197
"GWK47_002493",-0.0350694478064826,"negative","PC3","SLC4A2","Anion exchange protein 2","KAG0710364.1","GO:0016020","P48746","B3A2","RABIT",43.8,825,7.55e-197
"GWK47_002493",-0.0350694478064826,"negative","PC3","SLC4A2","Anion exchange protein 2","KAG0710364.1","GO:0016021","P48746","B3A2","RABIT",43.8,825,7.55e-197
"GWK47_054174",-0.034690716049851,"negative","PC3","S","Protein Star","KAG0717557.1",NA,"P42519","STAR","DROME",31.4,236,1.66e-18
"GWK47_050744",-0.0342447279359736,"negative","PC3","ovo","Transcriptional regulator ovo","KAG0719324.1","GO:0003676","P51521","OVO","DROME",85.9,149,8.69e-41
"GWK47_029136",-0.0341448561392049,"negative","PC3","foxi2-a","Forkhead box protein I2-A","KAG0730020.1","GO:0003700","Q63245","FOXD3","RAT",54.3,94,1.64e-27
"GWK47_029136",-0.0341448561392049,"negative","PC3","foxi2-a","Forkhead box protein I2-A","KAG0730020.1","GO:0006355","Q63245","FOXD3","RAT",54.3,94,1.64e-27
"GWK47_029136",-0.0341448561392049,"negative","PC3","foxi2-a","Forkhead box protein I2-A","KAG0730020.1","GO:0043565","Q63245","FOXD3","RAT",54.3,94,1.64e-27
"GWK47_010391",-0.0339732376637611,"negative","PC3","Bbox1_6","Gamma-butyrobetaine dioxygenase","KAG0716176.1","GO:0016491","Q9QZU7","BODG","RAT",33.3,372,5.71e-66
"GWK47_010391",-0.0339732376637611,"negative","PC3","Bbox1_6","Gamma-butyrobetaine dioxygenase","KAG0716176.1","GO:0055114","Q9QZU7","BODG","RAT",33.3,372,5.71e-66
"GWK47_007529",-0.033572454171556,"negative","PC3","SINHCAF","SIN3-HDAC complex-associated factor","KAG0718689.1",NA,"Q9NP50","SHCAF","HUMAN",47.8,253,1.23e-62
"GWK47_010389",-0.0334369955268231,"negative","PC3","Bbox1_5","Gamma-butyrobetaine dioxygenase","KAG0716174.1","GO:0016491","Q9QZU7","BODG","RAT",33.1,372,8.7e-61
"GWK47_010389",-0.0334369955268231,"negative","PC3","Bbox1_5","Gamma-butyrobetaine dioxygenase","KAG0716174.1","GO:0055114","Q9QZU7","BODG","RAT",33.1,372,8.7e-61
"GWK47_013682",-0.0332073588190824,"negative","PC3","Eip74EF_1","Ecdysone-induced protein 74EF isoform A","KAG0714661.1",NA,NA,NA,NA,NA,NA,NA
"GWK47_020207",-0.0331597658053245,"negative","PC3","INTS2_1","Integrator complex subunit 2","KAG0711640.1","GO:0032039","Q5ZKU4","INT2","CHICK",54.5,88,1.33e-21
"GWK47_030594",-0.0330892450343468,"negative","PC3","NPAB","Neuroparsin-A","KAG0729337.1",NA,"P10776","NPAB","LOCMI",46.2,65,1.14e-12
"GWK47_042786",-0.0329332871326513,"negative","PC3",NA,"hypothetical protein","KAG0723405.1",NA,NA,NA,NA,NA,NA,NA
"GWK47_031068",-0.0329150300365159,"negative","PC3","KLF5","Krueppel-like factor 5","KAG0729097.1","GO:0003676",NA,NA,NA,NA,NA,NA
"GWK47_017021",-0.0328641432724383,"negative","PC3","Malrd1_1","MAM and LDL-receptor class A domain-containing protein 1","KAG0713088.1","GO:0005515",NA,NA,NA,NA,NA,NA
"GWK47_030456",-0.0327023864936437,"negative","PC3","EST6_2","Venom carboxylesterase-6","KAG0729375.1",NA,"B2D0J5","EST6","APIME",25.4,464,4.92e-33
"GWK47_018630",-0.0325061913055146,"negative","PC3",NA,"hypothetical protein","KAG0712375.1",NA,NA,NA,NA,NA,NA,NA
